Food,Ratio,DietID,replicate,flyID,lifespan,totaleaten,watertotal,dietremaining,waterremaining,eggs,trial
360 mg/mL,0:01,1,A,1A,4,1.616571552,14.70520562,28.2,26.5,0,I
360 mg/mL,0:01,1,A,1A,8,10.20596411,33.99570412,27.1,23.7,0,I
360 mg/mL,0:01,1,A,1A,12,53.21993032,58.81020965,20.4,19.3,0,I
360 mg/mL,0:01,1,A,1A,16,36.52551372,86.42918834,23.3,11.9,0,I
360 mg/mL,0:01,1,A,1A,20,36.52551372,47.78683452,23.3,21.4,0,I
360 mg/mL,0:01,1,A,1A,24,36.52551372,64.4548781,23.3,18.1,0,I
360 mg/mL,0:01,1,A,1A,28,41.4184226,29.43374962,22.5,24.4,0,I
360 mg/mL,0:01,1,A,1A,32,15.44240619,69.63467919,26.4,16.9,0,I
360 mg/mL,0:01,1,A,1A,36,27.42580878,53.74476379,24.7,20.3,0,I
360 mg/mL,1:16,2,A,2A,4,15.44240619,44.94336203,26.4,21.9,0,I
360 mg/mL,1:16,2,A,2A,8,38.38632527,73.22006737,23,16,0,I
360 mg/mL,1:16,2,A,2A,12,55.81074666,44.36443854,19.9,22,0,I
360 mg/mL,1:16,2,A,2A,16,39.60953012,57.32535276,22.8,19.6,0,I
360 mg/mL,1:16,2,A,2A,20,30.75473522,76.90831998,24.2,15,0,I
360 mg/mL,1:16,2,A,2A,24,30.09600373,79.63876864,24.3,14.2,0,I
360 mg/mL,1:16,2,A,2A,28,37.14925741,58.31855448,23.2,19.4,0,I
360 mg/mL,1:16,2,A,2A,32,35.89829095,69.63467919,23.4,16.9,0,I
360 mg/mL,1:16,2,A,2A,36,35.2675847,53.21993032,23.5,20.4,0,I
360 mg/mL,1:16,2,A,2A,40,56.82379618,95.2919166,19.7,6.9,0,I
360 mg/mL,1:16,2,A,2A,44,103.0595068,100,9,0,0,I
360 mg/mL,1:16,2,A,2A,48,37.76952645,47.78683452,23.1,21.4,0,I
360 mg/mL,1:08,3,A,3A,4,34.63339055,26.0694902,23.6,24.9,0,I
360 mg/mL,1:08,3,A,3A,8,-0.803079202,29.43374962,28.5,24.4,0,I
360 mg/mL,1:08,3,A,3A,12,52.69175198,100,20.5,0,0,I
360 mg/mL,1:08,3,A,3A,16,41.4184226,71.25957831,22.5,16.5,0,I
360 mg/mL,1:08,3,A,3A,20,49.45216987,7.907281698,21.1,27.4,36,I
360 mg/mL,1:08,3,A,3A,24,37.14925741,46.65965594,23.2,21.6,12,I
360 mg/mL,1:08,3,A,3A,28,49.45216987,79.3080442,21.1,14.3,0,I
360 mg/mL,1:08,3,A,3A,32,51.08709948,51.62534139,20.8,20.7,21,I
360 mg/mL,1:08,3,A,3A,36,51.08709948,32.06164751,20.8,24,0,I
360 mg/mL,1:08,3,A,3A,40,53.21993032,87.2018987,20.4,11.6,0,I
360 mg/mL,1:08,3,A,3A,44,42.01449416,88.4332444,22.4,11.1,0,I
360 mg/mL,1:08,3,A,3A,48,26.74942145,57.82360386,24.8,19.5,0,I
360 mg/mL,1:08,3,A,3A,52,51.62534139,48.90044281,20.7,21.2,10,I
360 mg/mL,1:04,4,A,4A,4,21.21038826,51.62534139,25.6,20.7,0,I
360 mg/mL,1:04,4,A,4A,8,42.01449416,70.04563546,22.4,16.8,0,I
360 mg/mL,1:04,4,A,4A,12,26.74942145,72.83421799,24.8,16.1,78,I
360 mg/mL,1:04,4,A,4A,16,58.31855448,98.49142464,19.4,3.3,72,I
360 mg/mL,1:04,4,A,4A,20,56.82379618,65.35021381,19.7,17.9,114,I
360 mg/mL,1:04,4,A,4A,22,10.9649099,83.37491261,27,13,140,I
360 mg/mL,1:02,5,A,5A,4,77.95497475,79.96648836,14.7,14.1,0,I
360 mg/mL,1:02,5,A,5A,8,36.52551372,50.54549345,23.3,20.9,0,I
360 mg/mL,1:02,5,A,5A,12,58.31855448,41.4184226,19.4,22.5,0,I
360 mg/mL,1:02,5,A,5A,16,50.0005185,62.6254228,21,18.5,40,I
360 mg/mL,1:02,5,A,5A,18,10.20596411,15.44240619,27.1,26.4,13,I
360 mg/mL,1:01,6,A,6A,4,23.31424166,86.94716829,25.3,11.7,0,I
360 mg/mL,1:01,6,A,6A,8,37.76952645,61.69121937,23.1,18.7,0,I
360 mg/mL,1:01,6,A,6A,10,5.575748738,97.31060106,27.7,4.8,0,I
360 mg/mL,1:00,7,A,7A,3,0.007158769,70.04563546,28.4,16.8,0,I
180 mg/mL,0:01,8,A,8A,4,64.4548781,62.6254228,18.1,18.5,0,I
180 mg/mL,0:01,8,A,8A,8,28.09865641,66.66909657,24.6,17.6,0,I
180 mg/mL,0:01,8,A,8A,12,50.0005185,99.79681287,21,0.9,0,I
180 mg/mL,0:01,8,A,8A,16,61.21923053,100,18.8,0,0,I
180 mg/mL,0:01,8,A,8A,20,55.29924381,53.21993032,20,20.4,0,I
180 mg/mL,0:01,8,A,8A,24,54.26625728,87.70287639,20.2,11.4,0,I
180 mg/mL,0:01,8,A,8A,28,62.6254228,64.00237016,18.5,18.2,0,I
180 mg/mL,1:16,9,A,9A,4,60.74397673,79.63876864,18.9,14.2,0,I
180 mg/mL,1:16,9,A,9A,8,37.76952645,60.26545285,23.1,19,0,I
180 mg/mL,1:16,9,A,9A,12,53.21993032,100,20.4,0,0,I
180 mg/mL,1:16,9,A,9A,16,14.70520562,82.48083642,26.5,13.3,0,I
180 mg/mL,1:16,9,A,9A,20,53.21993032,70.85807943,20.4,16.6,0,I
180 mg/mL,1:16,9,A,9A,24,64.90415756,100,18,0,0,I
180 mg/mL,1:16,9,A,9A,28,36.52551372,43.7820946,23.3,22.1,0,I
180 mg/mL,1:16,9,A,9A,32,70.04563546,100,16.8,0,0,I
180 mg/mL,1:16,9,A,9A,36,55.29924381,46.65965594,20,21.6,0,I
180 mg/mL,1:16,9,A,9A,40,71.65793595,131.4099484,16.4,0,0,I
180 mg/mL,1:16,9,A,9A,44,60.74397673,131.6291808,18.9,3.6,0,I
180 mg/mL,1:16,9,A,9A,48,64.00237016,100,18.2,0,0,I
180 mg/mL,1:16,9,A,9A,52,80.93168216,78.97430879,13.8,14.4,0,I
180 mg/mL,1:16,9,A,9A,56,44.94336203,102.3895745,21.9,11.7,0,I
180 mg/mL,1:16,9,A,9A,60,58.81020965,100,19.3,0,0,I
180 mg/mL,1:16,9,A,9A,64,50.0005185,100,21,0,0,I
180 mg/mL,1:16,9,A,9A,68,54.78441565,63.08764775,20.1,18.4,0,I
180 mg/mL,1:16,9,A,9A,72,58.31855448,115.20335,19.4,1,4,I
180 mg/mL,1:16,9,A,9A,76,50.0005185,38.38632527,21,23,1,I
180 mg/mL,1:16,9,A,9A,80,61.21923053,90.25853515,18.8,10.3,5,I
180 mg/mL,1:16,9,A,9A,84,59.29857439,49.45216987,19.2,21.1,4,I
180 mg/mL,1:16,9,A,9A,88,57.82360386,66.66909657,19.5,17.6,3,I
180 mg/mL,1:16,9,A,9A,92,60.74397673,100,18.9,0,6,I
180 mg/mL,1:16,9,A,9A,96,54.78441565,95.39678508,20.1,6.8,5,I
180 mg/mL,1:16,9,A,9A,100,53.74476379,100,20.3,0,0,I
180 mg/mL,1:16,9,A,9A,104,54.78441565,68.80327034,20.1,17.1,0,I
180 mg/mL,1:16,9,A,9A,112,57.32535276,107.5702899,19.6,2.7,0,I
180 mg/mL,1:16,9,A,9A,114,4.791252608,13.21995798,27.8,26.7,3,I
180 mg/mL,1:08,10,A,10A,4,78.97430879,93.38650377,14.4,8.6,0,I
180 mg/mL,1:08,10,A,10A,8,57.82360386,30.09600373,19.5,24.3,0,I
180 mg/mL,1:08,10,A,10A,12,49.45216987,100,21.1,0,0,I
180 mg/mL,1:08,10,A,10A,16,71.25957831,92.10319249,16.5,9.4,0,I
180 mg/mL,1:08,10,A,10A,20,61.69121937,81.56023706,18.7,13.6,0,I
180 mg/mL,1:08,10,A,10A,24,87.94913819,100,11.3,0,0,I
180 mg/mL,1:08,10,A,10A,28,77.26025071,87.45379899,14.9,11.5,0,I
180 mg/mL,1:08,10,A,10A,32,76.90831998,100,15,0,56,I
180 mg/mL,1:08,10,A,10A,36,86.94716829,100,11.7,0,2,I
180 mg/mL,1:08,10,A,10A,40,60.26545285,100,19,0,40,I
180 mg/mL,1:08,10,A,10A,44,51.62534139,118.7012086,20.7,13.8,17,I
180 mg/mL,1:08,10,A,10A,48,78.29778024,100,14.6,0,9,I
180 mg/mL,1:08,10,A,10A,52,50.0005185,97.13575135,21,5,4,I
180 mg/mL,1:08,10,A,10A,56,48.90044281,61.21923053,21.2,18.8,12,I
180 mg/mL,1:04,11,A,11A,4,90.04001815,70.85807943,10.4,16.6,0,I
180 mg/mL,1:04,11,A,11A,8,45.51886968,60.74397673,21.8,18.9,0,I
180 mg/mL,1:04,11,A,11A,12,81.56023706,93.2674714,13.6,8.7,0,I
180 mg/mL,1:04,11,A,11A,16,85.63081384,75.1027386,12.2,15.5,0,I
180 mg/mL,1:04,11,A,11A,20,75.83418062,35.2675847,15.3,23.5,0,I
180 mg/mL,1:04,11,A,11A,24,82.78180008,43.1963256,13.2,22.2,0,I
180 mg/mL,1:04,11,A,11A,28,82.17692572,17.63236339,13.4,26.1,14,I
180 mg/mL,1:04,11,A,11A,32,87.45379899,26.0694902,11.5,24.9,35,I
180 mg/mL,1:04,11,A,11A,36,80.61293879,40.81890775,13.9,22.6,21,I
180 mg/mL,1:04,11,A,11A,40,78.6375562,94.31144486,14.5,7.8,13,I
180 mg/mL,1:04,11,A,11A,44,84.52606488,92.48365248,12.6,9.2,2,I
180 mg/mL,1:04,11,A,11A,48,59.78365377,48.90044281,19.1,21.2,0,I
180 mg/mL,1:02,12,A,12A,4,84.24264413,85.63081384,12.7,12.2,0,I
180 mg/mL,1:02,12,A,12A,8,55.29924381,4.003090717,20,27.9,0,I
180 mg/mL,1:02,12,A,12A,12,98.56137893,78.29778024,3.2,14.6,72,I
180 mg/mL,1:02,12,A,12A,16,107.4691778,96.30235976,8.5,5.9,0,I
180 mg/mL,1:02,12,A,12A,20,93.38650377,100,8.6,0,25,I
180 mg/mL,1:02,12,A,12A,24,84.52606488,100,12.6,0,14,I
180 mg/mL,1:02,12,A,12A,28,94.42358369,66.66909657,7.7,17.6,51,I
180 mg/mL,1:02,12,A,12A,32,86.68960056,30.75473522,11.8,24.2,1,I
180 mg/mL,1:01,13,A,13A,4,50.0005185,72.83421799,21,16.1,0,I
180 mg/mL,1:01,13,A,13A,8,40.81890775,70.04563546,22.6,16.8,0,I
180 mg/mL,1:01,13,A,13A,12,75.1027386,33.35452105,15.5,23.8,0,I
180 mg/mL,1:01,13,A,13A,16,57.82360386,124.2004089,19.5,5.4,0,I
180 mg/mL,1:00,14,A,14A,3,36.52551372,65.79305217,23.3,17.8,0,I
90 mg/mL,0:01,15,A,15A,4,74.73239507,97.89124808,15.6,4.1,0,I
90 mg/mL,0:01,15,A,15A,8,50.54549345,46.65965594,20.9,21.6,0,I
90 mg/mL,0:01,15,A,15A,12,70.45343368,100,16.7,0,0,I
90 mg/mL,0:01,15,A,15A,16,48.90044281,16.90598102,21.2,26.2,0,I
90 mg/mL,1:16,16,A,16A,4,67.95916299,100,17.3,0,0,I
90 mg/mL,1:16,16,A,16A,8,40.21594509,74.35896202,22.7,15.7,0,I
90 mg/mL,1:16,16,A,16A,12,89.13847159,14.70520562,10.8,26.5,0,I
90 mg/mL,1:16,16,A,16A,16,86.94716829,24.69897905,11.7,25.1,0,I
90 mg/mL,1:16,16,A,16A,20,62.6254228,50.0005185,18.5,21,0,I
90 mg/mL,1:16,16,A,16A,24,54.78441565,71.25957831,20.1,16.5,0,I
90 mg/mL,1:16,16,A,16A,28,62.1599484,24.00839073,18.6,25.2,0,I
90 mg/mL,1:08,17,A,17A,4,99.35639886,76.5533354,1.9,15.1,0,I
90 mg/mL,1:08,17,A,17A,8,90.25853515,21.91524459,10.3,25.5,0,I
90 mg/mL,1:08,17,A,17A,12,88.4332444,97.64848648,11.1,4.4,0,I
90 mg/mL,1:08,17,A,17A,16,97.73043917,105.1843031,4.3,13.5,0,I
90 mg/mL,1:08,17,A,17A,20,93.02717477,48.3453326,8.9,21.3,0,I
90 mg/mL,1:08,17,A,17A,24,128.2050863,66.66909657,10.5,17.6,0,I
90 mg/mL,1:08,17,A,17A,28,96.77460008,78.97430879,5.4,14.4,0,I
90 mg/mL,1:08,17,A,17A,32,99.09798352,65.79305217,14.3,17.8,0,I
90 mg/mL,1:08,17,A,17A,36,91.31029427,85.35895296,9.8,12.3,0,I
90 mg/mL,1:08,17,A,17A,40,92.10319249,100,9.4,0,0,I
90 mg/mL,1:08,17,A,17A,44,92.29474795,60.26545285,9.3,19,6,I
90 mg/mL,1:08,17,A,17A,47,39.60953012,68.80327034,22.8,17.1,11,I
90 mg/mL,1:04,18,A,18A,4,100,11.72022149,0,26.9,0,I
90 mg/mL,1:04,18,A,18A,8,195.9085008,64.00237016,0,18.2,0,I
90 mg/mL,1:04,18,A,18A,12,90.68738017,94.31144486,10.1,7.8,0,I
90 mg/mL,1:04,18,A,18A,16,106.0656078,24.69897905,11.1,25.1,0,I
90 mg/mL,1:04,18,A,18A,20,80.64149718,75.46999848,20.9,15.4,0,I
90 mg/mL,1:04,18,A,18A,24,129.2163929,64.90415756,11.6,18,3,I
90 mg/mL,1:04,18,A,18A,28,99.76094381,100,1,0,131,I
90 mg/mL,1:04,18,A,18A,32,147.5383611,27.42580878,2.2,24.7,16,I
90 mg/mL,1:04,18,A,18A,36,120.5068398,38.99965834,6.4,22.9,9,I
90 mg/mL,1:04,18,A,18A,40,100,113.219958,0,0,61,I
90 mg/mL,1:04,18,A,18A,44,128.2806337,98.95575146,11,2.6,1,I
90 mg/mL,1:04,18,A,18A,48,108.2569385,74.35896202,15.2,15.7,3,I
90 mg/mL,1:04,18,A,18A,52,54.78441565,100,20.1,0,198,I
90 mg/mL,1:02,19,A,19A,4,99.68327914,20.50195455,1.2,25.7,0,I
90 mg/mL,1:02,19,A,19A,8,135.2675847,86.94716829,0,11.7,0,I
90 mg/mL,1:02,19,A,19A,12,74.35896202,100,15.7,0,31,I
90 mg/mL,1:01,20,A,20A,4,93.38650377,100,8.6,0,0,I
90 mg/mL,1:01,20,A,20A,8,93.50478693,97.04688213,8.5,5.1,0,I
90 mg/mL,1:00,21,A,21A,4,83.07982327,100,13.1,0,0,I
45 mg/mL,0:01,22,A,22A,4,75.83418062,87.94913819,15.3,11.3,0,I
45 mg/mL,0:01,22,A,22A,8,72.44525011,83.66707474,16.2,12.9,0,I
45 mg/mL,0:01,22,A,22A,10,42.01449416,15.44240619,22.4,26.4,0,I
45 mg/mL,1:16,23,A,23A,4,91.71209525,92.66991456,9.6,9.1,0,I
45 mg/mL,1:16,23,A,23A,8,54.78441565,71.65793595,20.1,16.4,0,I
45 mg/mL,1:16,23,A,23A,12,72.83421799,100,16.1,0,0,I
45 mg/mL,1:16,23,A,23A,16,92.48365248,78.29778024,9.2,14.6,0,I
45 mg/mL,1:16,23,A,23A,20,93.14769377,30.75473522,8.8,24.2,0,I
45 mg/mL,1:16,23,A,23A,24,107.6052393,58.31855448,15.2,19.4,0,I
45 mg/mL,1:16,23,A,23A,28,88.6711036,29.43374962,11,24.4,0,I
45 mg/mL,1:16,23,A,23A,32,86.42918834,85.89980203,11.9,12.1,0,I
45 mg/mL,1:16,23,A,23A,36,79.63876864,80.93168216,14.2,13.8,0,I
45 mg/mL,1:16,23,A,23A,40,79.96648836,69.22055933,14.1,17,0,I
45 mg/mL,1:08,24,A,24A,4,78.6375562,62.1599484,14.5,18.6,0,I
45 mg/mL,1:08,24,A,24A,8,87.70287639,60.26545285,11.4,19,0,I
45 mg/mL,1:08,24,A,24A,12,99.76094381,21.21038826,1,25.6,0,I
45 mg/mL,1:08,24,A,24A,16,128.2438463,19.07433845,10.2,25.9,0,I
45 mg/mL,1:08,24,A,24A,20,98.69773882,96.30235976,3,5.9,0,I
45 mg/mL,1:08,24,A,24A,22,20.50195455,24.00839073,25.7,25.2,0,I
45 mg/mL,1:04,25,A,25A,4,100,35.2675847,0,23.5,0,I
45 mg/mL,1:04,25,A,25A,8,144.943362,73.9824336,0,15.8,0,I
45 mg/mL,1:04,25,A,25A,12,167.5323337,100,0,0,0,I
45 mg/mL,1:04,25,A,25A,16,164.3085343,94.42358369,8.2,7.7,0,I
45 mg/mL,1:04,25,A,25A,20,152.1602239,88.19259174,0,11.2,0,I
45 mg/mL,1:04,25,A,25A,24,154.9173931,100,6.1,0,3,I
45 mg/mL,1:04,25,A,25A,27,85.08421244,40.21594509,12.4,22.7,3,I
45 mg/mL,1:02,26,A,26A,4,100,85.08421244,0,12.4,0,I
45 mg/mL,1:02,26,A,26A,8,182.6997629,45.51886968,13.2,21.8,0,I
45 mg/mL,1:01,27,A,27A,4,100,100,0,0,0,I
45 mg/mL,1:01,27,A,27A,8,100,83.07982327,0,13.1,0,I
45 mg/mL,1:01,27,A,27A,12,200,100,0,0,0,I
45 mg/mL,1:01,27,A,27A,16,200,121.721783,0,7.2,0,I
45 mg/mL,1:01,27,A,27A,17,7.13375936,24.00839073,27.5,25.2,1,I
45 mg/mL,1:00,28,A,28A,3,48.90044281,62.6254228,21.2,18.5,0,I
360 mg/mL,0:01,1,B,1B,4,32.06164751,62.1599484,24,18.6,0,I
360 mg/mL,0:01,1,B,1B,8,5.575748738,79.3080442,27.7,14.3,0,I
360 mg/mL,0:01,1,B,1B,12,40.81890775,100,22.6,0,0,I
360 mg/mL,1:16,2,B,2B,4,28.76796861,68.38280672,24.5,17.2,0,I
360 mg/mL,1:16,2,B,2B,8,35.89829095,53.21993032,23.4,20.4,0,I
360 mg/mL,1:16,2,B,2B,12,53.21993032,100,20.4,0,0,I
360 mg/mL,1:16,2,B,2B,16,46.0909661,93.2674714,21.7,8.7,0,I
360 mg/mL,1:16,2,B,2B,20,52.69175198,42.60712698,20.5,22.3,0,I
360 mg/mL,1:16,2,B,2B,24,43.7820946,69.63467919,22.1,16.9,0,I
360 mg/mL,1:16,2,B,2B,28,51.62534139,47.78683452,20.7,21.4,0,I
360 mg/mL,1:16,2,B,2B,32,31.40994837,57.32535276,24.1,19.6,0,I
360 mg/mL,1:16,2,B,2B,36,40.81890775,14.70520562,22.6,26.5,0,I
360 mg/mL,1:16,2,B,2B,40,38.99965834,74.73239507,22.9,15.6,0,I
360 mg/mL,1:16,2,B,2B,44,49.45216987,93.50478693,21.1,8.5,0,I
360 mg/mL,1:16,2,B,2B,48,62.1599484,100,18.6,0,0,I
360 mg/mL,1:16,2,B,2B,52,39.60953012,97.39656347,22.8,4.7,0,I
360 mg/mL,1:08,3,B,3B,4,52.16022395,64.4548781,20.6,18.1,0,I
360 mg/mL,1:08,3,B,3B,8,46.0909661,58.81020965,21.7,19.3,0,I
360 mg/mL,1:08,3,B,3B,12,47.22494386,94.97236151,21.5,7.2,0,I
360 mg/mL,1:08,3,B,3B,16,38.99965834,66.23267797,22.9,17.7,0,I
360 mg/mL,1:08,3,B,3B,20,52.16022395,18.35514784,20.6,26,55,I
360 mg/mL,1:08,3,B,3B,24,54.78441565,40.81890775,20.1,22.6,0,I
360 mg/mL,1:08,3,B,3B,28,61.21923053,91.90897771,18.8,9.5,7,I
360 mg/mL,1:08,3,B,3B,32,52.16022395,26.0694902,20.6,24.9,23,I
360 mg/mL,1:08,3,B,3B,36,60.26545285,69.63467919,19,16.9,1,I
360 mg/mL,1:08,3,B,3B,40,62.6254228,79.3080442,18.5,14.3,16,I
360 mg/mL,1:08,3,B,3B,44,53.21993032,49.45216987,20.4,21.1,6,I
360 mg/mL,1:08,3,B,3B,48,54.78441565,80.29120964,20.1,14,33,I
360 mg/mL,1:08,3,B,3B,52,54.26625728,30.09600373,20.2,24.3,15,I
360 mg/mL,1:08,3,B,3B,56,90.04001815,37.76952645,10.4,23.1,3,I
360 mg/mL,1:08,3,B,3B,59,37.76952645,38.99965834,23.1,22.9,0,I
360 mg/mL,1:04,4,B,4B,4,38.99965834,33.99570412,22.9,23.7,0,I
360 mg/mL,1:04,4,B,4B,8,32.06164751,47.22494386,24,21.5,0,I
360 mg/mL,1:04,4,B,4B,12,43.7820946,25.38601081,22.1,25,0,I
360 mg/mL,1:04,4,B,4B,16,55.81074666,42.60712698,19.9,22.3,0,I
360 mg/mL,1:04,4,B,4B,20,53.21993032,71.25957831,20.4,16.5,17,I
360 mg/mL,1:04,4,B,4B,24,54.78441565,98.20015436,20.1,3.7,39,I
360 mg/mL,1:04,4,B,4B,28,70.45343368,90.47431986,16.7,10.2,6,I
360 mg/mL,1:04,4,B,4B,32,157.0942548,93.62231686,4.8,8.4,29,I
360 mg/mL,1:04,4,B,4B,36,52.69175198,61.21923053,20.5,18.8,14,I
360 mg/mL,1:04,4,B,4B,40,60.74397673,90.68738017,18.9,10.1,85,I
360 mg/mL,1:04,4,B,4B,44,59.78365377,81.24744611,19.1,13.7,102,I
360 mg/mL,1:04,4,B,4B,48,63.08764775,60.26545285,18.4,19,0,I
360 mg/mL,1:02,5,B,5B,4,22.61652767,54.26625728,25.4,20.2,0,I
360 mg/mL,1:02,5,B,5B,8,35.89829095,57.82360386,23.4,19.5,0,I
360 mg/mL,1:02,5,B,5B,12,47.78683452,32.06164751,21.4,24,12,I
360 mg/mL,1:02,5,B,5B,16,56.31892913,93.62231686,19.8,8.4,0,I
360 mg/mL,1:02,5,B,5B,20,51.08709948,78.97430879,20.8,14.4,8,I
360 mg/mL,1:02,5,B,5B,24,40.21594509,32.06164751,22.7,24,17,I
360 mg/mL,1:02,5,B,5B,28,54.26625728,96.00827718,20.2,6.2,20,I
360 mg/mL,1:02,5,B,5B,32,41.4184226,50.0005185,22.5,21,5,I
360 mg/mL,1:02,5,B,5B,36,56.31892913,100,19.8,0,15,I
360 mg/mL,1:02,5,B,5B,40,50.54549345,76.90831998,20.9,15,0,I
360 mg/mL,1:02,5,B,5B,44,42.60712698,93.62231686,22.3,8.4,3,I
360 mg/mL,1:02,5,B,5B,48,43.1963256,89.81876104,22.2,10.5,0,I
360 mg/mL,1:02,5,B,5B,50,20.50195455,52.16022395,25.7,20.6,0,I
360 mg/mL,1:01,6,B,6B,4,40.81890775,97.81136341,22.6,4.2,0,I
360 mg/mL,1:00,7,B,7B,3,-6.578358473,80.61293879,29.2,13.9,0,I
180 mg/mL,0:01,8,B,8B,4,43.7820946,69.22055933,22.1,17,0,I
180 mg/mL,0:01,8,B,8B,8,42.01449416,64.00237016,22.4,18.2,0,I
180 mg/mL,0:01,8,B,8B,12,60.74397673,100,18.9,0,0,I
180 mg/mL,0:01,8,B,8B,16,57.82360386,115.6642463,19.5,10.6,0,I
180 mg/mL,0:01,8,B,8B,20,55.81074666,58.81020965,19.9,19.3,0,I
180 mg/mL,0:01,8,B,8B,24,50.0005185,38.99965834,21,22.9,0,I
180 mg/mL,0:01,8,B,8B,28,21.91524459,51.08709948,25.5,20.8,0,I
180 mg/mL,0:01,8,B,8B,32,26.0694902,48.90044281,24.9,21.2,1,I
180 mg/mL,0:01,8,B,8B,35,35.89829095,76.90831998,23.4,15,0,I
180 mg/mL,1:16,9,B,9B,4,61.69121937,68.80327034,18.7,17.1,0,I
180 mg/mL,1:16,9,B,9B,8,36.52551372,64.90415756,23.3,18,0,I
180 mg/mL,1:16,9,B,9B,12,64.90415756,93.14769377,18,8.8,0,I
180 mg/mL,1:16,9,B,9B,16,77.26025071,93.2674714,14.9,8.7,0,I
180 mg/mL,1:16,9,B,9B,20,76.90831998,99.40791307,15,1.8,0,I
180 mg/mL,1:16,9,B,9B,24,173.9824336,45.51886968,0,21.8,0,I
180 mg/mL,1:16,9,B,9B,28,35.2675847,100,23.5,0,0,I
180 mg/mL,1:16,9,B,9B,32,68.80327034,88.6711036,17.1,11,0,I
180 mg/mL,1:16,9,B,9B,36,85.63081384,47.22494386,12.2,21.5,0,I
180 mg/mL,1:16,9,B,9B,40,53.21993032,74.73239507,20.4,15.6,0,I
180 mg/mL,1:16,9,B,9B,44,69.63467919,80.61293879,16.9,13.9,0,I
180 mg/mL,1:16,9,B,9B,48,65.79305217,91.31029427,17.8,9.8,0,I
180 mg/mL,1:16,9,B,9B,52,49.45216987,77.95497475,21.1,14.7,0,I
180 mg/mL,1:16,9,B,9B,56,55.81074666,52.16022395,19.9,20.6,0,I
180 mg/mL,1:16,9,B,9B,60,51.62534139,98.69773882,20.7,3,0,I
180 mg/mL,1:16,9,B,9B,64,27.42580878,70.85807943,24.7,16.6,0,I
180 mg/mL,1:16,9,B,9B,68,70.45343368,46.0909661,16.7,21.7,0,I
180 mg/mL,1:16,9,B,9B,72,59.78365377,53.74476379,19.1,20.3,0,I
180 mg/mL,1:16,9,B,9B,76,55.81074666,64.4548781,19.9,18.1,0,I
180 mg/mL,1:16,9,B,9B,80,72.05315799,90.25853515,16.3,10.3,0,I
180 mg/mL,1:16,9,B,9B,84,69.63467919,65.79305217,16.9,17.8,0,I
180 mg/mL,1:16,9,B,9B,88,68.38280672,44.36443854,17.2,22,0,I
180 mg/mL,1:16,9,B,9B,92,64.00237016,95.07969945,18.2,7.1,0,I
180 mg/mL,1:16,9,B,9B,96,59.78365377,100,19.1,0,0,I
180 mg/mL,1:16,9,B,9B,100,48.3453326,89.13847159,21.3,10.8,0,I
180 mg/mL,1:16,9,B,9B,104,37.76952645,58.31855448,23.1,19.4,0,I
180 mg/mL,1:16,9,B,9B,112,76.90831998,106.0268953,15,2.7,0,I
180 mg/mL,1:16,9,B,9B,116,41.4184226,77.95497475,22.5,14.7,9,I
180 mg/mL,1:16,9,B,9B,120,43.1963256,45.51886968,22.2,21.8,0,I
180 mg/mL,1:16,9,B,9B,124,40.21594509,75.1027386,22.7,15.5,0,I
180 mg/mL,1:16,9,B,9B,128,57.32535276,55.29924381,19.6,20,3,I
180 mg/mL,1:16,9,B,9B,131,29.43374962,27.42580878,24.4,24.7,0,I
180 mg/mL,1:08,10,B,10B,4,75.1027386,59.29857439,15.5,19.2,0,I
180 mg/mL,1:08,10,B,10B,8,34.63339055,21.21038826,23.6,25.6,0,I
180 mg/mL,1:08,10,B,10B,12,73.9824336,73.9824336,15.8,15.8,0,I
180 mg/mL,1:08,10,B,10B,16,79.3080442,61.21923053,14.3,18.8,0,I
180 mg/mL,1:08,10,B,10B,20,64.00237016,52.16022395,18.2,20.6,0,I
180 mg/mL,1:08,10,B,10B,22,36.52551372,55.29924381,23.3,20,0,I
180 mg/mL,1:04,11,B,11B,4,90.04001815,74.73239507,10.4,15.6,0,I
180 mg/mL,1:04,11,B,11B,8,55.29924381,18.35514784,20,26,0,I
180 mg/mL,1:04,11,B,11B,12,64.4548781,91.31029427,18.1,9.8,4,I
180 mg/mL,1:04,11,B,11B,16,79.3080442,90.68738017,14.3,10.1,10,I
180 mg/mL,1:04,11,B,11B,20,58.31855448,61.21923053,19.4,18.8,46,I
180 mg/mL,1:04,11,B,11B,24,80.93168216,100,13.8,0,0,I
180 mg/mL,1:04,11,B,11B,28,76.5533354,90.897724,15.1,10,11,I
180 mg/mL,1:04,11,B,11B,32,84.24264413,64.00237016,12.7,18.2,1,I
180 mg/mL,1:04,11,B,11B,36,82.78180008,100,13.2,0,0,I
180 mg/mL,1:04,11,B,11B,40,79.3080442,100,14.3,0,3,I
180 mg/mL,1:04,11,B,11B,44,75.83418062,88.16555933,15.3,16.5,9,I
180 mg/mL,1:04,11,B,11B,48,71.65793595,112.0549728,16.4,12.8,9,I
180 mg/mL,1:02,12,B,12B,4,64.4548781,63.54662846,18.1,18.3,0,I
180 mg/mL,1:02,12,B,12B,8,58.81020965,84.24264413,19.3,12.7,0,I
180 mg/mL,1:02,12,B,12B,12,86.68960056,138.5527599,11.8,1.5,171,I
180 mg/mL,1:02,12,B,12B,16,169.5817947,85.08421244,8.6,12.4,86,I
180 mg/mL,1:02,12,B,12B,20,72.05315799,100,16.3,0,218,I
180 mg/mL,1:01,13,B,13B,4,83.66707474,100,12.9,0,0,I
180 mg/mL,1:01,13,B,13B,8,74.73239507,83.07982327,15.6,13.1,0,I
180 mg/mL,1:01,13,B,13B,12,65.79305217,148.9004428,17.8,0,9,I
180 mg/mL,1:00,14,B,14B,4,48.3453326,78.6375562,21.3,14.5,0,I
180 mg/mL,1:00,14,B,14B,8,31.40994837,30.75473522,24.1,24.2,0,I
180 mg/mL,1:00,14,B,14B,12,43.1963256,72.83421799,22.2,16.1,23,I
180 mg/mL,1:00,14,B,14B,16,57.32535276,98.89313593,19.6,2.7,10,I
180 mg/mL,1:00,14,B,14B,20,70.45343368,80.29120964,16.7,14,5,I
180 mg/mL,1:00,14,B,14B,24,57.82360386,31.40994837,19.5,24.1,10,I
180 mg/mL,1:00,14,B,14B,28,43.1963256,100,22.2,0,4,I
180 mg/mL,1:00,14,B,14B,32,42.01449416,86.42918834,22.4,11.9,5,I
180 mg/mL,1:00,14,B,14B,36,32.06164751,90.897724,24,10,5,I
180 mg/mL,1:00,14,B,14B,40,38.38632527,97.04688213,23,5.1,2,I
180 mg/mL,1:00,14,B,14B,44,40.21594509,60.26545285,22.7,19,1,I
180 mg/mL,1:00,14,B,14B,48,50.0005185,70.45343368,21,16.7,0,I
180 mg/mL,1:00,14,B,14B,52,28.76796861,86.16592452,24.5,12,6,I
180 mg/mL,1:00,14,B,14B,55,24.69897905,26.0694902,25.1,24.9,9,I
90 mg/mL,0:01,15,B,15B,4,96.58843127,82.78180008,5.6,13.2,0,I
90 mg/mL,0:01,15,B,15B,8,64.4548781,64.4548781,18.1,18.1,0,I
90 mg/mL,0:01,15,B,15B,12,71.25957831,69.63467919,16.5,16.9,0,I
90 mg/mL,0:01,15,B,15B,16,84.52606488,61.21923053,12.6,18.8,0,I
90 mg/mL,0:01,15,B,15B,20,65.79305217,91.31029427,17.8,9.8,0,I
90 mg/mL,0:01,15,B,15B,24,83.66707474,21.91524459,12.9,25.5,0,I
90 mg/mL,0:01,15,B,15B,28,33.99570412,56.82379618,23.7,19.7,0,I
90 mg/mL,0:01,15,B,15B,32,77.95497475,99.76094381,14.7,1,0,I
90 mg/mL,0:01,15,B,15B,36,79.96648836,40.21594509,14.1,22.7,0,I
90 mg/mL,0:01,15,B,15B,40,43.7820946,99.5982318,22.1,1.4,0,I
90 mg/mL,0:01,15,B,15B,43,59.78365377,70.85807943,19.1,16.6,0,I
90 mg/mL,1:16,16,B,16B,4,68.80327034,26.74942145,17.1,24.8,0,I
90 mg/mL,1:16,16,B,16B,8,57.32535276,16.90598102,19.6,26.2,0,I
90 mg/mL,1:16,16,B,16B,12,85.63081384,100,12.2,0,0,I
90 mg/mL,1:16,16,B,16B,16,83.95631634,103.0804497,12.8,13.5,0,I
90 mg/mL,1:16,16,B,16B,20,79.63876864,64.00237016,14.2,18.2,0,I
90 mg/mL,1:16,16,B,16B,24,89.13847159,27.42580878,10.8,24.7,0,I
90 mg/mL,1:16,16,B,16B,28,84.24264413,40.21594509,12.7,22.7,0,I
90 mg/mL,1:16,16,B,16B,32,85.08421244,42.01449416,12.4,22.4,0,I
90 mg/mL,1:16,16,B,16B,36,80.29120964,40.21594509,14,22.7,0,I
90 mg/mL,1:16,16,B,16B,40,67.53233367,50.0005185,17.4,21,0,I
90 mg/mL,1:16,16,B,16B,44,71.65793595,56.31892913,16.4,19.8,0,I
90 mg/mL,1:16,16,B,16B,48,57.82360386,93.73908949,19.5,8.3,0,I
90 mg/mL,1:16,16,B,16B,52,57.32535276,32.06164751,19.6,24,0,I
90 mg/mL,1:16,16,B,16B,56,53.74476379,24.00839073,20.3,25.2,0,I
90 mg/mL,1:16,16,B,16B,60,51.08709948,56.31892913,20.8,19.8,0,I
90 mg/mL,1:16,16,B,16B,64,56.82379618,51.08709948,19.7,20.8,0,I
90 mg/mL,1:16,16,B,16B,67,50.0005185,32.06164751,21,24,0,I
90 mg/mL,1:08,17,B,17B,4,100,66.23267797,0,17.7,0,I
90 mg/mL,1:08,17,B,17B,8,84.24264413,70.85807943,12.7,16.6,0,I
90 mg/mL,1:08,17,B,17B,12,90.897724,51.08709948,10,20.8,0,I
90 mg/mL,1:08,17,B,17B,16,75.83418062,91.71209525,15.3,9.6,0,I
90 mg/mL,1:08,17,B,17B,20,53.21993032,44.36443854,20.4,22,0,I
90 mg/mL,1:08,17,B,17B,24,96.20521322,37.76952645,6,23.1,0,I
90 mg/mL,1:08,17,B,17B,28,99.5982318,100,1.4,0,0,I
90 mg/mL,1:08,17,B,17B,32,99.40791307,100,1.8,0,0,I
90 mg/mL,1:08,17,B,17B,36,94.97236151,13.21995798,7.2,26.7,0,I
90 mg/mL,1:08,17,B,17B,40,92.29474795,96.77460008,9.3,5.4,0,I
90 mg/mL,1:08,17,B,17B,44,93.85510064,98.94784976,8.2,12.7,1,I
90 mg/mL,1:08,17,B,17B,48,48.90044281,38.38632527,21.2,23,0,I
90 mg/mL,1:04,18,B,18B,4,100,80.61293879,0,13.9,0,I
90 mg/mL,1:04,18,B,18B,8,30.75473522,63.08764775,24.2,18.4,0,I
90 mg/mL,1:04,18,B,18B,12,99.68327914,72.83421799,1.2,16.1,0,I
90 mg/mL,1:04,18,B,18B,16,24.00839073,129.9636324,25.2,11.3,0,I
90 mg/mL,1:04,18,B,18B,20,99.5982318,59.29857439,1.4,19.2,0,I
90 mg/mL,1:04,18,B,18B,24,100,43.7820946,0,22.1,0,I
90 mg/mL,1:04,18,B,18B,28,128.8792826,29.43374962,3.8,24.4,71,I
90 mg/mL,1:04,18,B,18B,32,133.3586868,30.09600373,7.2,24.3,72,I
90 mg/mL,1:04,18,B,18B,36,129.3993944,72.05315799,2,16.3,18,I
90 mg/mL,1:04,18,B,18B,40,99.7230707,33.35452105,1.1,23.8,48,I
90 mg/mL,1:04,18,B,18B,44,139.2430566,84.52606488,10,12.6,37,I
90 mg/mL,1:04,18,B,18B,48,72.44525011,94.864211,16.2,7.3,42,I
90 mg/mL,1:02,19,B,19B,4,99.79681287,64.4548781,0.9,18.1,0,I
90 mg/mL,1:02,19,B,19B,8,100,62.1599484,0,18.6,0,I
90 mg/mL,1:02,19,B,19B,12,100,144.943362,0,0,0,I
90 mg/mL,1:01,20,B,20B,4,76.19529094,2.415754073,15.2,28.1,0,I
90 mg/mL,1:00,21,B,21B,4,49.45216987,100,21.1,0,0,I
45 mg/mL,0:01,22,B,22B,4,100,98.49142464,0,3.3,0,I
45 mg/mL,0:01,22,B,22B,8,76.5533354,86.16592452,15.1,12,0,I
45 mg/mL,0:01,22,B,22B,12,94.864211,100,7.3,0,0,I
45 mg/mL,0:01,22,B,22B,16,76.5533354,100,15.1,0,0,I
45 mg/mL,0:01,22,B,22B,20,88.90617683,89.81876104,10.9,10.5,0,I
45 mg/mL,0:01,22,B,22B,24,89.59475605,52.69175198,10.6,20.5,0,I
45 mg/mL,0:01,22,B,22B,28,72.83421799,100,16.1,0,0,I
45 mg/mL,0:01,22,B,22B,32,70.45343368,99.97889988,16.7,8.4,0,I
45 mg/mL,0:01,22,B,22B,36,62.1599484,118.5867297,18.6,10.5,0,I
45 mg/mL,0:01,22,B,22B,40,68.80327034,100,17.1,0,0,I
45 mg/mL,0:01,22,B,22B,44,63.54662846,87.45379899,18.3,11.5,0,I
45 mg/mL,0:01,22,B,22B,48,70.85807943,100,16.6,0,0,I
45 mg/mL,0:01,22,B,22B,52,76.19529094,87.2018987,15.2,11.6,0,I
45 mg/mL,0:01,22,B,22B,56,43.7820946,93.97034611,22.1,8.1,0,I
45 mg/mL,0:01,22,B,22B,57,26.74942145,32.70983696,24.8,23.9,0,I
45 mg/mL,1:16,23,B,23B,4,94.53493448,82.17692572,7.6,13.4,0,I
45 mg/mL,1:16,23,B,23B,8,68.80327034,60.26545285,17.1,19,0,I
45 mg/mL,1:16,23,B,23B,12,93.38650377,100,8.6,0,0,I
45 mg/mL,1:16,23,B,23B,16,83.95631634,46.0909661,12.8,21.7,0,I
45 mg/mL,1:16,23,B,23B,20,87.70287639,70.45343368,11.4,16.7,0,I
45 mg/mL,1:16,23,B,23B,24,95.2919166,100,6.9,0,0,I
45 mg/mL,1:16,23,B,23B,28,65.79305217,64.00237016,17.8,18.2,0,I
45 mg/mL,1:16,23,B,23B,32,94.864211,37.76952645,7.3,23.1,0,I
45 mg/mL,1:16,23,B,23B,36,68.80327034,33.35452105,17.1,23.8,0,I
45 mg/mL,1:16,23,B,23B,40,96.8662982,90.47431986,5.3,10.2,0,I
45 mg/mL,1:16,23,B,23B,44,64.90415756,85.35895296,18,12.3,0,I
45 mg/mL,1:16,23,B,23B,48,70.04563546,47.78683452,16.8,21.4,0,I
45 mg/mL,1:16,23,B,23B,52,56.31892913,61.21923053,19.8,18.8,0,I
45 mg/mL,1:16,23,B,23B,56,68.38280672,42.60712698,17.2,22.3,0,I
45 mg/mL,1:16,23,B,23B,60,72.83421799,40.81890775,16.1,22.6,0,I
45 mg/mL,1:16,23,B,23B,64,63.54662846,31.40994837,18.3,24.1,0,I
45 mg/mL,1:16,23,B,23B,68,73.9824336,57.82360386,15.8,19.5,1,I
45 mg/mL,1:16,23,B,23B,72,75.46999848,111.0171181,15.4,11.4,0,I
45 mg/mL,1:16,23,B,23B,76,74.35896202,48.3453326,15.7,21.3,0,I
45 mg/mL,1:16,23,B,23B,80,70.04563546,95.39678508,16.8,6.8,0,I
45 mg/mL,1:16,23,B,23B,84,72.05315799,47.78683452,16.3,21.4,0,I
45 mg/mL,1:16,23,B,23B,88,67.95916299,54.78441565,17.3,20.1,0,I
45 mg/mL,1:16,23,B,23B,92,67.10231334,63.08764775,17.5,18.4,0,I
45 mg/mL,1:16,23,B,23B,96,69.63467919,49.45216987,16.9,21.1,0,I
45 mg/mL,1:16,23,B,23B,100,73.60280398,68.80327034,15.9,17.1,0,I
45 mg/mL,1:16,23,B,23B,104,55.29924381,72.83421799,20,16.1,0,I
45 mg/mL,1:16,23,B,23B,111,91.71209525,50.0005185,9.6,21,0,I
45 mg/mL,1:08,24,B,24B,4,100,100,0,0,0,I
45 mg/mL,1:08,24,B,24B,8,179.3223436,78.97430879,12.7,14.4,0,I
45 mg/mL,1:08,24,B,24B,12,155.2992438,97.13575135,0,5,0,I
45 mg/mL,1:08,24,B,24B,16,157.3253528,63.08764775,0,18.4,0,I
45 mg/mL,1:08,24,B,24B,20,161.5533441,83.37491261,0.7,13,0,I
45 mg/mL,1:08,24,B,24B,24,170.8580794,100,0,0,0,I
45 mg/mL,1:08,24,B,24B,28,146.6596559,100,0,0,0,I
45 mg/mL,1:08,24,B,24B,32,165.7930522,130.9844967,0,3.6,2,I
45 mg/mL,1:08,24,B,24B,36,195.8078608,100,0,0,0,I
45 mg/mL,1:08,24,B,24B,40,99.96270092,100,0.3,0,1,I
45 mg/mL,1:08,24,B,24B,44,170.0456355,96.9404076,0,14.3,0,I
45 mg/mL,1:08,24,B,24B,48,151.6253414,98.27465973,0,3.6,0,I
45 mg/mL,1:08,24,B,24B,52,135.7896015,67.95916299,0.6,17.3,0,I
45 mg/mL,1:08,24,B,24B,56,148.3453326,80.29120964,0,14,0,I
45 mg/mL,1:08,24,B,24B,60,100,85.63081384,0,12.2,16,I
45 mg/mL,1:04,25,B,25B,4,39.60953012,65.35021381,22.8,17.9,0,I
45 mg/mL,1:02,26,B,26B,4,171.2595783,93.73908949,0,8.3,0,I
45 mg/mL,1:02,26,B,26B,7,187.2018987,80.29120964,0,14,0,I
45 mg/mL,1:02,26,B,26B,10,7.907281698,58.81020965,27.4,19.3,0,I
45 mg/mL,1:01,27,B,27B,4,195.0796994,100,0,0,0,I
45 mg/mL,1:01,27,B,27B,8,186.6896006,100,11.8,0,0,I
45 mg/mL,1:00,28,B,28B,4,94.53493448,100,7.6,0,0,I
360 mg/mL,0:01,1,C,1C,4,23.31424166,40.81890775,25.3,22.6,0,I
360 mg/mL,0:01,1,C,1C,8,30.09600373,66.23267797,24.3,17.7,0,I
360 mg/mL,0:01,1,C,1C,12,34.63339055,134.6333905,23.6,0,0,I
360 mg/mL,0:01,1,C,1C,16,48.3453326,100,21.3,0,0,I
360 mg/mL,0:01,1,C,1C,20,43.1963256,100,22.2,0,0,I
360 mg/mL,0:01,1,C,1C,24,30.09600373,100,24.3,0,0,I
360 mg/mL,0:01,1,C,1C,27,48.3453326,48.3453326,21.3,21.3,0,I
360 mg/mL,1:16,2,C,2C,4,38.38632527,78.6375562,23,14.5,0,I
360 mg/mL,1:16,2,C,2C,8,31.40994837,69.22055933,24.1,17,0,I
360 mg/mL,1:16,2,C,2C,12,44.36443854,126.915288,22,4.6,0,I
360 mg/mL,1:16,2,C,2C,16,52.69175198,100,20.5,0,0,I
360 mg/mL,1:16,2,C,2C,20,60.26545285,100,19,0,0,I
360 mg/mL,1:16,2,C,2C,24,59.29857439,54.26625728,19.2,20.2,0,I
360 mg/mL,1:16,2,C,2C,28,50.0005185,72.44525011,21,16.2,0,I
360 mg/mL,1:16,2,C,2C,32,73.60280398,92.10319249,15.9,9.4,0,I
360 mg/mL,1:16,2,C,2C,36,56.31892913,32.70983696,19.8,23.9,0,I
360 mg/mL,1:16,2,C,2C,40,49.45216987,30.75473522,21.1,24.2,0,I
360 mg/mL,1:16,2,C,2C,44,58.31855448,100,19.4,0,0,I
360 mg/mL,1:16,2,C,2C,48,38.38632527,34.63339055,23,23.6,2,I
360 mg/mL,1:16,2,C,2C,52,39.60953012,34.63339055,22.8,23.6,0,I
360 mg/mL,1:16,2,C,2C,56,54.78441565,58.31855448,20.1,19.4,0,I
360 mg/mL,1:16,2,C,2C,60,50.0005185,100,21,0,0,I
360 mg/mL,1:16,2,C,2C,64,37.76952645,89.59475605,23.1,10.6,0,I
360 mg/mL,1:16,2,C,2C,68,48.3453326,61.69121937,21.3,18.7,17,I
360 mg/mL,1:16,2,C,2C,72,52.69175198,100,20.5,0,9,I
360 mg/mL,1:16,2,C,2C,76,43.7820946,100,22.1,0,4,I
360 mg/mL,1:16,2,C,2C,80,54.78441565,84.80658537,20.1,12.5,18,I
360 mg/mL,1:08,3,C,3C,4,57.82360386,72.44525011,19.5,16.2,0,I
360 mg/mL,1:08,3,C,3C,8,46.65965594,75.1027386,21.6,15.5,0,I
360 mg/mL,1:08,3,C,3C,12,47.78683452,100,21.4,0,0,I
360 mg/mL,1:08,3,C,3C,16,55.81074666,95.39678508,19.9,6.8,0,I
360 mg/mL,1:08,3,C,3C,20,52.69175198,73.9824336,20.5,15.8,0,I
360 mg/mL,1:08,3,C,3C,24,47.22494386,93.2674714,21.5,8.7,0,I
360 mg/mL,1:08,3,C,3C,28,62.1599484,91.31029427,18.6,9.8,0,I
360 mg/mL,1:08,3,C,3C,32,90.25853515,52.16022395,10.3,20.6,0,I
360 mg/mL,1:08,3,C,3C,36,62.6254228,69.22055933,18.5,17,1,I
360 mg/mL,1:08,3,C,3C,40,60.74397673,75.83418062,18.9,15.3,37,I
360 mg/mL,1:08,3,C,3C,44,70.04563546,85.08421244,16.8,12.4,18,I
360 mg/mL,1:08,3,C,3C,48,67.53233367,63.54662846,17.4,18.3,56,I
360 mg/mL,1:08,3,C,3C,52,52.69175198,41.4184226,20.5,22.5,0,I
360 mg/mL,1:08,3,C,3C,56,47.22494386,30.09600373,21.5,24.3,0,I
360 mg/mL,1:08,3,C,3C,60,42.60712698,20.50195455,22.3,25.7,0,I
360 mg/mL,1:08,3,C,3C,64,35.2675847,23.31424166,23.5,25.3,0,I
360 mg/mL,1:08,3,C,3C,68,50.0005185,87.70287639,21,11.4,3,I
360 mg/mL,1:08,3,C,3C,72,68.80327034,42.60712698,17.1,22.3,3,I
360 mg/mL,1:08,3,C,3C,76,68.38280672,42.60712698,17.2,22.3,0,I
360 mg/mL,1:04,4,C,4C,4,40.21594509,42.01449416,22.7,22.4,0,I
360 mg/mL,1:04,4,C,4C,8,18.35514784,40.21594509,26,22.7,0,I
360 mg/mL,1:04,4,C,4C,12,53.74476379,100,20.3,0,0,I
360 mg/mL,1:04,4,C,4C,16,37.14925741,76.19529094,23.2,15.2,0,I
360 mg/mL,1:04,4,C,4C,20,42.01449416,68.80327034,22.4,17.1,0,I
360 mg/mL,1:04,4,C,4C,24,47.22494386,75.46999848,21.5,15.4,0,I
360 mg/mL,1:04,4,C,4C,28,60.74397673,67.95916299,18.9,17.3,15,I
360 mg/mL,1:04,4,C,4C,32,47.78683452,30.09600373,21.4,24.3,0,I
360 mg/mL,1:04,4,C,4C,36,64.4548781,109.4433801,18.1,0,14,I
360 mg/mL,1:04,4,C,4C,40,57.82360386,100,19.5,0,0,I
360 mg/mL,1:04,4,C,4C,42,27.42580878,32.70983696,24.7,23.9,0,I
360 mg/mL,1:02,5,C,5C,4,52.16022395,65.35021381,20.6,17.9,0,I
360 mg/mL,1:02,5,C,5C,8,50.0005185,55.81074666,21,19.9,0,I
360 mg/mL,1:02,5,C,5C,12,27.42580878,43.1963256,24.7,22.2,0,I
360 mg/mL,1:01,6,C,6C,4,7.13375936,100,27.5,0,0,I
360 mg/mL,1:01,6,C,6C,7,9.443380118,-20.46543275,27.2,30.8,0,I
360 mg/mL,1:00,7,C,7C,3,-19.56930643,54.78441565,30.7,20.1,0,I
180 mg/mL,0:01,8,C,8C,4,52.69175198,64.90415756,20.5,18,0,I
180 mg/mL,0:01,8,C,8C,8,12.47190284,98.63015606,26.8,3.1,0,I
180 mg/mL,0:01,8,C,8C,12,55.81074666,100,19.9,0,0,I
180 mg/mL,0:01,8,C,8C,16,46.0909661,97.89124808,21.7,4.1,0,I
180 mg/mL,0:01,8,C,8C,20,58.81020965,96.95706161,19.3,5.2,0,I
180 mg/mL,0:01,8,C,8C,24,63.54662846,100,18.3,0,0,I
180 mg/mL,0:01,8,C,8C,28,63.08764775,99.42850731,18.4,9.3,0,I
180 mg/mL,0:01,8,C,8C,32,57.32535276,100,19.6,0,0,I
180 mg/mL,0:01,8,C,8C,36,60.26545285,100,19,0,0,I
180 mg/mL,0:01,8,C,8C,40,53.21993032,98.42030964,20.4,3.4,0,I
180 mg/mL,0:01,8,C,8C,44,54.78441565,100,20.1,0,0,I
180 mg/mL,0:01,8,C,8C,48,42.01449416,82.48083642,22.4,13.3,0,I
180 mg/mL,0:01,8,C,8C,52,56.82379618,59.29857439,19.7,19.2,0,I
180 mg/mL,0:01,8,C,8C,56,47.22494386,55.29924381,21.5,20,0,I
180 mg/mL,0:01,8,C,8C,60,42.60712698,66.66909657,22.3,17.6,0,I
180 mg/mL,0:01,8,C,8C,64,44.36443854,18.35514784,22,26,0,I
180 mg/mL,0:01,8,C,8C,68,46.0909661,54.26625728,21.7,20.2,0,I
180 mg/mL,1:16,9,C,9C,4,54.78441565,73.60280398,20.1,15.9,0,I
180 mg/mL,1:16,9,C,9C,8,52.16022395,72.83421799,20.6,16.1,0,I
180 mg/mL,1:16,9,C,9C,12,50.54549345,78.29778024,20.9,14.6,0,I
180 mg/mL,1:16,9,C,9C,16,67.10231334,96.10718347,17.5,6.1,0,I
180 mg/mL,1:16,9,C,9C,20,100,77.95497475,0,14.7,0,I
180 mg/mL,1:16,9,C,9C,21,16.17599664,24.69897905,26.3,25.1,0,I
180 mg/mL,1:08,10,C,10C,4,90.68738017,69.22055933,10.1,17,0,I
180 mg/mL,1:08,10,C,10C,8,62.1599484,68.80327034,18.6,17.1,0,I
180 mg/mL,1:08,10,C,10C,12,72.05315799,100,16.3,0,0,I
180 mg/mL,1:08,10,C,10C,16,76.90831998,93.50478693,15,8.5,0,I
180 mg/mL,1:08,10,C,10C,20,72.05315799,52.16022395,16.3,20.6,0,I
180 mg/mL,1:08,10,C,10C,24,75.83418062,90.04001815,15.3,10.4,24,I
180 mg/mL,1:08,10,C,10C,28,83.07982327,48.3453326,13.1,21.3,4,I
180 mg/mL,1:04,11,C,11C,4,83.95631634,15.44240619,12.8,26.4,0,I
180 mg/mL,1:04,11,C,11C,8,66.23267797,65.79305217,17.7,17.8,0,I
180 mg/mL,1:04,11,C,11C,12,71.25957831,100,16.5,0,59,I
180 mg/mL,1:04,11,C,11C,16,86.68960056,100,11.8,0,0,I
180 mg/mL,1:04,11,C,11C,20,89.13847159,100,10.8,0,1,I
180 mg/mL,1:04,11,C,11C,24,91.31029427,76.19529094,9.8,15.2,4,I
180 mg/mL,1:04,11,C,11C,28,89.59475605,88.19259174,10.6,11.2,0,I
180 mg/mL,1:04,11,C,11C,32,89.81876104,96.3986163,10.5,5.8,7,I
180 mg/mL,1:04,11,C,11C,36,87.45379899,90.897724,11.5,10,23,I
180 mg/mL,1:04,11,C,11C,40,88.4332444,100,11.1,0,1,I
180 mg/mL,1:04,11,C,11C,44,69.22055933,100,17,0,47,I
180 mg/mL,1:04,11,C,11C,48,113.1786098,97.17377751,11.9,10.4,33,I
180 mg/mL,1:02,12,C,12C,4,82.17692572,92.29474795,13.4,9.3,0,I
180 mg/mL,1:02,12,C,12C,8,65.35021381,63.54662846,17.9,18.3,0,I
180 mg/mL,1:02,12,C,12C,12,80.61293879,57.82360386,13.9,19.5,0,I
180 mg/mL,1:02,12,C,12C,15,13.21995798,93.2674714,26.7,8.7,0,I
180 mg/mL,1:01,13,C,13C,4,52.69175198,85.63081384,20.5,12.2,0,I
180 mg/mL,1:01,13,C,13C,8,68.38280672,83.66707474,17.2,12.9,0,I
180 mg/mL,1:01,13,C,13C,12,67.95916299,143.7820946,17.3,0,0,I
180 mg/mL,1:00,14,C,14C,4,42.60712698,97.22366063,22.3,4.9,0,I
180 mg/mL,1:00,14,C,14C,8,8.677153968,68.38280672,27.3,17.2,0,I
180 mg/mL,1:00,14,C,14C,12,64.90415756,63.54662846,18,18.3,0,I
180 mg/mL,1:00,14,C,14C,15,35.89829095,85.08421244,23.4,12.4,8,I
90 mg/mL,0:01,15,C,15C,3,8.677153968,67.53233367,27.3,17.4,0,I
90 mg/mL,1:16,16,C,16C,4,96.30235976,91.51253685,5.9,9.7,0,I
90 mg/mL,1:16,16,C,16C,8,81.87006143,78.6375562,13.5,14.5,0,I
90 mg/mL,1:16,16,C,16C,12,81.24744611,100,13.7,0,0,I
90 mg/mL,1:16,16,C,16C,16,67.10231334,17.63236339,17.5,26.1,0,I
90 mg/mL,1:16,16,C,16C,20,71.25957831,69.22055933,16.5,17,0,I
90 mg/mL,1:16,16,C,16C,24,59.29857439,39.60953012,19.2,22.8,0,I
90 mg/mL,1:16,16,C,16C,28,84.52606488,55.29924381,12.6,20,0,I
90 mg/mL,1:16,16,C,16C,32,73.9824336,18.35514784,15.8,26,0,I
90 mg/mL,1:16,16,C,16C,36,75.46999848,100,15.4,0,0,I
90 mg/mL,1:16,16,C,16C,40,93.2674714,55.81074666,8.7,19.9,0,I
90 mg/mL,1:16,16,C,16C,44,83.95631634,59.78365377,12.8,19.1,0,I
90 mg/mL,1:16,16,C,16C,48,77.26025071,33.99570412,14.9,23.7,0,I
90 mg/mL,1:16,16,C,16C,52,75.1027386,70.45343368,15.5,16.7,0,I
90 mg/mL,1:16,16,C,16C,56,68.38280672,66.66909657,17.2,17.6,0,I
90 mg/mL,1:16,16,C,16C,60,69.22055933,97.04688213,17,5.1,0,I
90 mg/mL,1:16,16,C,16C,64,55.81074666,22.61652767,19.9,25.4,0,I
90 mg/mL,1:16,16,C,16C,68,73.60280398,75.1027386,15.9,15.5,0,I
90 mg/mL,1:16,16,C,16C,72,73.9824336,100,15.8,0,0,I
90 mg/mL,1:16,16,C,16C,76,57.82360386,81.56023706,19.5,13.6,0,I
90 mg/mL,1:16,16,C,16C,80,94.31144486,95.90850083,7.8,6.3,0,I
90 mg/mL,1:16,16,C,16C,84,49.45216987,88.90617683,21.1,10.9,0,I
90 mg/mL,1:16,16,C,16C,88,68.80327034,56.82379618,17.1,19.7,0,I
90 mg/mL,1:16,16,C,16C,92,85.63081384,61.21923053,12.2,18.8,0,I
90 mg/mL,1:16,16,C,16C,96,77.60913361,90.47431986,14.8,10.2,1,I
90 mg/mL,1:16,16,C,16C,100,81.56023706,75.46999848,13.6,15.4,4,I
90 mg/mL,1:16,16,C,16C,104,62.1599484,70.45343368,18.6,16.7,0,I
90 mg/mL,1:16,16,C,16C,112,96.20521322,105.5757487,6,0,0,I
90 mg/mL,1:16,16,C,16C,116,64.90415756,64.4548781,18,18.1,0,I
90 mg/mL,1:16,16,C,16C,120,35.89829095,17.63236339,23.4,26.1,0,I
90 mg/mL,1:16,16,C,16C,124,69.63467919,56.82379618,16.9,19.7,1,I
90 mg/mL,1:16,16,C,16C,128,60.74397673,74.35896202,18.9,15.7,0,I
90 mg/mL,1:16,16,C,16C,132,58.31855448,62.6254228,19.4,18.5,0,I
90 mg/mL,1:16,16,C,16C,136,73.60280398,71.25957831,15.9,16.5,0,I
90 mg/mL,1:16,16,C,16C,140,83.07982327,72.83421799,13.1,16.1,0,I
90 mg/mL,1:16,16,C,16C,144,63.08764775,68.80327034,18.4,17.1,0,I
90 mg/mL,1:16,16,C,16C,148,87.70287639,28.09865641,11.4,24.6,0,I
90 mg/mL,1:16,16,C,16C,152,22.61652767,45.51886968,25.4,21.8,0,I
90 mg/mL,1:08,17,C,17C,4,71.25957831,86.42918834,16.5,11.9,0,I
90 mg/mL,1:08,17,C,17C,8,93.814301,77.95497475,26.2,14.7,0,I
90 mg/mL,1:08,17,C,17C,12,97.13575135,35.89829095,5,23.4,0,I
90 mg/mL,1:08,17,C,17C,16,88.19259174,54.78441565,11.2,20.1,0,I
90 mg/mL,1:08,17,C,17C,20,91.10535935,78.6375562,9.9,14.5,0,I
90 mg/mL,1:08,17,C,17C,24,92.48365248,56.31892913,9.2,19.8,0,I
90 mg/mL,1:08,17,C,17C,28,86.68960056,72.44525011,11.8,16.2,1,I
90 mg/mL,1:08,17,C,17C,32,70.45343368,59.78365377,16.7,19.1,0,I
90 mg/mL,1:08,17,C,17C,36,77.95497475,80.61293879,14.7,13.9,3,I
90 mg/mL,1:08,17,C,17C,40,67.10231334,89.81876104,17.5,10.5,19,I
90 mg/mL,1:08,17,C,17C,44,98.89313593,100,2.7,0,0,I
90 mg/mL,1:08,17,C,17C,48,76.90831998,100,15,0,17,I
90 mg/mL,1:08,17,C,17C,52,53.21993032,76.90831998,20.4,15,0,I
90 mg/mL,1:08,17,C,17C,56,49.45216987,98.76410917,21.1,2.9,0,I
90 mg/mL,1:08,17,C,17C,60,60.26545285,88.4332444,19,11.1,0,I
90 mg/mL,1:08,17,C,17C,64,73.9824336,93.97034611,15.8,8.1,0,I
90 mg/mL,1:08,17,C,17C,68,82.78180008,100,13.2,0,0,I
90 mg/mL,1:04,18,C,18C,4,94.42358369,100,7.7,0,0,I
90 mg/mL,1:04,18,C,18C,8,117.7037132,73.22006737,21.2,16,0,I
90 mg/mL,1:04,18,C,18C,12,99.79681287,100,0.9,0,0,I
90 mg/mL,1:04,18,C,18C,16,99.55310159,107.1337594,1.5,0,0,I
90 mg/mL,1:04,18,C,18C,20,142.0128455,64.90415756,5.7,18,1,I
90 mg/mL,1:04,18,C,18C,24,125.1077104,91.51253685,10.2,9.7,0,I
90 mg/mL,1:04,18,C,18C,28,111.744253,61.69121937,9.1,18.7,0,I
90 mg/mL,1:04,18,C,18C,32,123.1001897,80.93168216,11.6,13.8,0,I
90 mg/mL,1:04,18,C,18C,36,112.6481172,100,11.3,0,0,I
90 mg/mL,1:04,18,C,18C,40,97.56551609,66.23267797,4.5,17.7,0,I
90 mg/mL,1:04,18,C,18C,44,90.04001815,53.21993032,10.4,20.4,0,I
90 mg/mL,1:04,18,C,18C,48,119.6922848,72.44525011,10.3,16.2,8,I
90 mg/mL,1:04,18,C,18C,52,83.66707474,98.82924818,12.9,2.8,0,I
90 mg/mL,1:04,18,C,18C,56,82.17692572,35.89829095,13.4,23.4,0,I
90 mg/mL,1:04,18,C,18C,57,24.69897905,18.35514784,25.1,26,0,I
90 mg/mL,1:02,19,C,19C,4,100,96.49397586,0,5.7,0,I
90 mg/mL,1:02,19,C,19C,8,148.849549,70.85807943,18.6,16.6,0,I
90 mg/mL,1:02,19,C,19C,12,171.2595783,80.29120964,0,14,0,I
90 mg/mL,1:02,19,C,19C,16,167.8375342,79.3080442,8.2,14.3,0,I
90 mg/mL,1:02,19,C,19C,20,100,98.27465973,0,3.6,0,I
90 mg/mL,1:01,20,C,20C,4,98.82924818,100,2.8,0,0,I
90 mg/mL,1:00,21,C,21C,3,50.54549345,82.17692572,20.9,13.4,0,I
45 mg/mL,0:01,22,C,22C,4,95.18621958,93.97034611,7,8.1,0,I
45 mg/mL,0:01,22,C,22C,8,67.53233367,64.4548781,17.4,18.1,0,I
45 mg/mL,0:01,22,C,22C,12,87.70287639,78.6375562,11.4,14.5,0,I
45 mg/mL,0:01,22,C,22C,16,88.19259174,96.95706161,11.2,5.2,0,I
45 mg/mL,0:01,22,C,22C,20,89.59475605,97.89124808,10.6,4.1,0,I
45 mg/mL,0:01,22,C,22C,24,87.94913819,100,11.3,0,0,I
45 mg/mL,0:01,22,C,22C,28,87.94913819,68.80327034,11.3,17.1,0,I
45 mg/mL,0:01,22,C,22C,32,49.45216987,40.21594509,21.1,22.7,0,I
45 mg/mL,0:01,22,C,22C,36,74.35896202,35.89829095,15.7,23.4,0,I
45 mg/mL,0:01,22,C,22C,40,52.16022395,23.31424166,20.6,25.3,0,I
45 mg/mL,0:01,22,C,22C,44,52.16022395,100,20.6,0,0,I
45 mg/mL,0:01,22,C,22C,48,67.10231334,90.897724,17.5,10,0,I
45 mg/mL,0:01,22,C,22C,52,64.00237016,35.89829095,18.2,23.4,0,I
45 mg/mL,0:01,22,C,22C,56,53.74476379,75.83418062,20.3,15.3,0,I
45 mg/mL,0:01,22,C,22C,60,56.31892913,93.73908949,19.8,8.3,0,I
45 mg/mL,0:01,22,C,22C,64,61.21923053,35.89829095,18.8,23.4,0,I
45 mg/mL,0:01,22,C,22C,68,64.90415756,33.35452105,18,23.8,0,I
45 mg/mL,0:01,22,C,22C,72,64.00237016,65.79305217,18.2,17.8,0,I
45 mg/mL,0:01,22,C,22C,76,67.95916299,49.45216987,17.3,21.1,0,I
45 mg/mL,0:01,22,C,22C,80,90.897724,48.90044281,10,21.2,0,I
45 mg/mL,0:01,22,C,22C,84,70.85807943,60.26545285,16.6,19,0,I
45 mg/mL,0:01,22,C,22C,88,57.82360386,43.7820946,19.5,22.1,0,I
45 mg/mL,0:01,22,C,22C,92,72.44525011,79.96648836,16.2,14.1,0,I
45 mg/mL,0:01,22,C,22C,96,67.53233367,88.19259174,17.4,11.2,0,I
45 mg/mL,0:01,22,C,22C,100,70.45343368,93.97034611,16.7,8.1,0,I
45 mg/mL,0:01,22,C,22C,104,70.85807943,75.1027386,16.6,15.5,0,I
45 mg/mL,0:01,22,C,22C,112,77.95497475,40.21594509,14.7,22.7,0,I
45 mg/mL,0:01,22,C,22C,113,0.813707737,8.677153968,28.3,27.3,0,I
45 mg/mL,1:16,23,C,23C,4,99.83057876,81.56023706,0.8,13.6,0,I
45 mg/mL,1:16,23,C,23C,8,95.07969945,69.22055933,7.1,17,0,I
45 mg/mL,1:16,23,C,23C,12,99.30339068,81.56023706,2,13.6,0,I
45 mg/mL,1:16,23,C,23C,16,97.89124808,95.56491707,4.1,12.3,0,I
45 mg/mL,1:16,23,C,23C,20,90.68738017,93.50478693,10.1,8.5,0,I
45 mg/mL,1:16,23,C,23C,24,86.68960056,70.45343368,11.8,16.7,0,I
45 mg/mL,1:16,23,C,23C,28,123.8350932,71.25957831,8.3,16.5,0,I
45 mg/mL,1:16,23,C,23C,32,98.12454741,50.0005185,3.8,21,0,I
45 mg/mL,1:16,23,C,23C,36,88.19259174,41.4184226,11.2,22.5,0,I
45 mg/mL,1:16,23,C,23C,40,98.20015436,78.6375562,3.7,14.5,0,I
45 mg/mL,1:16,23,C,23C,44,98.12454741,44.36443854,3.8,22,1,I
45 mg/mL,1:16,23,C,23C,48,93.62231686,48.90044281,8.4,21.2,4,I
45 mg/mL,1:16,23,C,23C,52,85.08421244,64.4548781,12.4,18.1,1,I
45 mg/mL,1:16,23,C,23C,56,70.85807943,93.43624734,16.6,14.9,0,I
45 mg/mL,1:16,23,C,23C,60,87.70287639,83.37491261,11.4,13,3,I
45 mg/mL,1:16,23,C,23C,64,92.10319249,88.6711036,9.4,11,4,I
45 mg/mL,1:16,23,C,23C,68,90.47431986,53.74476379,10.2,20.3,0,I
45 mg/mL,1:16,23,C,23C,72,96.3986163,44.94336203,5.8,21.9,4,I
45 mg/mL,1:16,23,C,23C,76,82.17692572,70.85807943,13.4,16.6,0,I
45 mg/mL,1:16,23,C,23C,80,95.39678508,54.78441565,6.8,20.1,0,I
45 mg/mL,1:16,23,C,23C,84,87.94913819,65.35021381,11.3,17.9,0,I
45 mg/mL,1:16,23,C,23C,88,85.08421244,49.45216987,12.4,21.1,0,I
45 mg/mL,1:08,24,C,24C,3,62.6254228,62.6254228,18.5,18.5,0,I
45 mg/mL,1:04,25,C,25C,4,100,87.45379899,0,11.5,0,I
45 mg/mL,1:04,25,C,25C,8,153.2199303,78.29778024,0,14.6,0,I
45 mg/mL,1:04,25,C,25C,12,157.0484235,100,1.1,0,0,I
45 mg/mL,1:04,25,C,25C,16,169.2205593,102.0222226,0,12.9,0,I
45 mg/mL,1:04,25,C,25C,20,99.83057876,93.85510064,0.8,8.2,0,I
45 mg/mL,1:02,26,C,26C,4,100,16.17599664,0,26.3,0,I
45 mg/mL,1:02,26,C,26C,8,138.9996583,74.35896202,0,15.7,0,I
45 mg/mL,1:02,26,C,26C,12,189.5947561,100,0,0,0,I
45 mg/mL,1:02,26,C,26C,16,199.9418595,99.76094381,0,1,0,I
45 mg/mL,1:02,26,C,26C,20,257.2518355,87.2018987,0,11.6,0,I
45 mg/mL,1:02,26,C,26C,24,200,100,0,0,102,I
45 mg/mL,1:01,27,C,27C,4,99.1930285,88.19259174,2.2,11.2,0,I
45 mg/mL,1:00,28,C,28C,3,77.95497475,45.51886968,14.7,21.8,0,I
360 mg/mL,0:01,1,A,1A,4,30.75473522,63.08764775,24.2,18.4,0,II
360 mg/mL,0:01,1,A,1A,8,21.91524459,97.48153839,25.5,4.6,0,II
360 mg/mL,0:01,1,A,1A,12,22.61652767,24.00839073,25.4,25.2,0,II
360 mg/mL,0:01,1,A,1A,16,30.75473522,83.95631634,24.2,12.8,0,II
360 mg/mL,0:01,1,A,1A,20,40.21594509,97.73043917,22.7,4.3,0,II
360 mg/mL,0:01,1,A,1A,24,30.75473522,76.90831998,24.2,15,0,II
360 mg/mL,0:01,1,A,1A,28,46.65965594,96.00827718,21.6,6.2,0,II
360 mg/mL,0:01,1,A,1A,32,47.78683452,87.2018987,21.4,11.6,0,II
360 mg/mL,1:16,2,A,2A,4,25.38601081,55.81074666,25,19.9,0,II
360 mg/mL,1:16,2,A,2A,8,42.01449416,79.3080442,22.4,14.3,0,II
360 mg/mL,1:16,2,A,2A,12,19.78993932,45.51886968,25.8,21.8,0,II
360 mg/mL,1:16,2,A,2A,16,46.0909661,48.3453326,21.7,21.3,0,II
360 mg/mL,1:16,2,A,2A,20,31.40994837,10.20596411,24.1,27.1,0,II
360 mg/mL,1:16,2,A,2A,24,24.69897905,56.82379618,25.1,19.7,0,II
360 mg/mL,1:16,2,A,2A,28,28.09865641,57.32535276,24.6,19.6,0,II
360 mg/mL,1:16,2,A,2A,32,29.43374962,67.53233367,24.4,17.4,0,II
360 mg/mL,1:16,2,A,2A,36,26.74942145,53.74476379,24.8,20.3,0,II
360 mg/mL,1:16,2,A,2A,40,43.7820946,53.21993032,22.1,20.4,0,II
360 mg/mL,1:16,2,A,2A,44,32.70983696,64.90415756,23.9,18,0,II
360 mg/mL,1:16,2,A,2A,48,38.38632527,50.54549345,23,20.9,0,II
360 mg/mL,1:16,2,A,2A,52,45.51886968,54.26625728,21.8,20.2,0,II
360 mg/mL,1:16,2,A,2A,56,53.21993032,53.74476379,20.4,20.3,0,II
360 mg/mL,1:16,2,A,2A,60,33.35452105,64.4548781,23.8,18.1,0,II
360 mg/mL,1:16,2,A,2A,64,39.60953012,19.07433845,22.8,25.9,0,II
360 mg/mL,1:16,2,A,2A,68,33.99570412,53.21993032,23.7,20.4,0,II
360 mg/mL,1:16,2,A,2A,72,44.36443854,53.74476379,22,20.3,0,II
360 mg/mL,1:16,2,A,2A,76,30.09600373,47.78683452,24.3,21.4,0,II
360 mg/mL,1:16,2,A,2A,80,38.38632527,37.76952645,23,23.1,0,II
360 mg/mL,1:16,2,A,2A,84,51.08709948,46.65965594,20.8,21.6,0,II
360 mg/mL,1:16,2,A,2A,88,47.22494386,39.60953012,21.5,22.8,0,II
360 mg/mL,1:16,2,A,2A,92,48.90044281,65.79305217,21.2,17.8,0,II
360 mg/mL,1:16,2,A,2A,96,30.09600373,66.66909657,24.3,17.6,0,II
360 mg/mL,1:16,2,A,2A,100,34.63339055,61.21923053,23.6,18.8,0,II
360 mg/mL,1:16,2,A,2A,101,13.21995798,13.21995798,26.7,26.7,0,II
360 mg/mL,1:08,3,A,3A,4,39.60953012,52.16022395,22.8,20.6,0,II
360 mg/mL,1:08,3,A,3A,8,47.78683452,82.17692572,21.4,13.4,0,II
360 mg/mL,1:08,3,A,3A,12,36.52551372,76.90831998,23.3,15,0,II
360 mg/mL,1:08,3,A,3A,16,35.89829095,77.26025071,23.4,14.9,0,II
360 mg/mL,1:08,3,A,3A,20,43.1963256,78.6375562,22.2,14.5,0,II
360 mg/mL,1:08,3,A,3A,24,43.1963256,77.95497475,22.2,14.7,0,II
360 mg/mL,1:08,3,A,3A,28,40.81890775,62.6254228,22.6,18.5,0,II
360 mg/mL,1:08,3,A,3A,32,44.94336203,70.04563546,21.9,16.8,0,II
360 mg/mL,1:08,3,A,3A,36,45.51886968,84.80658537,21.8,12.5,0,II
360 mg/mL,1:08,3,A,3A,40,36.52551372,50.54549345,23.3,20.9,0,II
360 mg/mL,1:08,3,A,3A,44,49.45216987,66.66909657,21.1,17.6,1,II
360 mg/mL,1:08,3,A,3A,48,33.99570412,43.1963256,23.7,22.2,0,II
360 mg/mL,1:08,3,A,3A,52,53.74476379,40.81890775,20.3,22.6,1,II
360 mg/mL,1:08,3,A,3A,56,47.22494386,46.0909661,21.5,21.7,0,II
360 mg/mL,1:08,3,A,3A,60,51.62534139,70.45343368,20.7,16.7,0,II
360 mg/mL,1:08,3,A,3A,64,46.0909661,70.04563546,21.7,16.8,1,II
360 mg/mL,1:08,3,A,3A,66,20.50195455,24.69897905,25.7,25.1,0,II
360 mg/mL,1:04,4,A,4A,4,59.78365377,43.7820946,19.1,22.1,0,II
360 mg/mL,1:04,4,A,4A,8,48.3453326,75.1027386,21.3,15.5,0,II
360 mg/mL,1:04,4,A,4A,12,58.31855448,26.74942145,19.4,24.8,0,II
360 mg/mL,1:04,4,A,4A,16,40.81890775,50.0005185,22.6,21,0,II
360 mg/mL,1:04,4,A,4A,20,58.81020965,51.08709948,19.3,20.8,0,II
360 mg/mL,1:04,4,A,4A,24,43.7820946,38.38632527,22.1,23,0,II
360 mg/mL,1:04,4,A,4A,28,40.81890775,67.53233367,22.6,17.4,0,II
360 mg/mL,1:04,4,A,4A,32,60.26545285,51.08709948,19,20.8,0,II
360 mg/mL,1:04,4,A,4A,36,47.78683452,49.45216987,21.4,21.1,0,II
360 mg/mL,1:04,4,A,4A,40,47.22494386,34.63339055,21.5,23.6,4,II
360 mg/mL,1:04,4,A,4A,44,48.3453326,44.36443854,21.3,22,106,II
360 mg/mL,1:04,4,A,4A,48,38.99965834,48.90044281,22.9,21.2,4,II
360 mg/mL,1:04,4,A,4A,52,47.22494386,57.32535276,21.5,19.6,0,II
360 mg/mL,1:04,4,A,4A,56,47.78683452,43.1963256,21.4,22.2,0,II
360 mg/mL,1:04,4,A,4A,58,35.2675847,33.99570412,23.5,23.7,0,II
360 mg/mL,1:02,5,A,5A,4,25.38601081,80.29120964,25,14,0,II
360 mg/mL,1:02,5,A,5A,8,54.26625728,40.21594509,20.2,22.7,0,II
360 mg/mL,1:02,5,A,5A,12,50.54549345,65.79305217,20.9,17.8,0,II
360 mg/mL,1:02,5,A,5A,16,30.75473522,64.4548781,24.2,18.1,0,II
360 mg/mL,1:02,5,A,5A,20,37.14925741,96.20521322,23.2,6,0,II
360 mg/mL,1:02,5,A,5A,24,54.78441565,67.10231334,20.1,17.5,0,II
360 mg/mL,1:02,5,A,5A,28,33.99570412,80.61293879,23.7,13.9,0,II
360 mg/mL,1:02,5,A,5A,32,51.08709948,56.31892913,20.8,19.8,2,II
360 mg/mL,1:02,5,A,5A,36,54.26625728,55.29924381,20.2,20,0,II
360 mg/mL,1:02,5,A,5A,40,31.40994837,54.78441565,24.1,20.1,0,II
360 mg/mL,1:02,5,A,5A,44,52.69175198,64.90415756,20.5,18,4,II
360 mg/mL,1:02,5,A,5A,48,33.99570412,73.22006737,23.7,16,0,II
360 mg/mL,1:02,5,A,5A,52,40.21594509,80.29120964,22.7,14,9,II
360 mg/mL,1:02,5,A,5A,56,40.21594509,68.38280672,22.7,17.2,0,II
360 mg/mL,1:02,5,A,5A,60,38.38632527,59.29857439,23,19.2,0,II
360 mg/mL,1:02,5,A,5A,64,43.7820946,42.60712698,22.1,22.3,2,II
360 mg/mL,1:02,5,A,5A,66,18.35514784,19.07433845,26,25.9,0,II
360 mg/mL,1:01,6,A,6A,4,33.99570412,30.75473522,23.7,24.2,0,II
360 mg/mL,1:01,6,A,6A,8,47.78683452,93.50478693,21.4,8.5,0,II
360 mg/mL,1:01,6,A,6A,12,53.74476379,110.7449638,20.3,12.3,0,II
360 mg/mL,1:01,6,A,6A,16,56.31892913,107.4862909,19.8,9.8,1,II
360 mg/mL,1:01,6,A,6A,20,44.94336203,97.73043917,21.9,4.3,26,II
360 mg/mL,1:01,6,A,6A,24,43.7820946,133.2074889,22.1,5.5,1,II
360 mg/mL,1:01,6,A,6A,28,42.60712698,95.39678508,22.3,6.8,24,II
360 mg/mL,1:01,6,A,6A,32,41.4184226,100,22.5,0,0,II
360 mg/mL,1:01,6,A,6A,36,40.21594509,79.96797735,22.7,16.1,0,II
360 mg/mL,1:00,7,A,7A,4,16.90598102,72.05315799,26.2,16.3,0,II
360 mg/mL,1:00,7,A,7A,7,24.69897905,62.1599484,25.1,18.6,0,II
180 mg/mL,0:01,8,A,8A,4,26.0694902,65.35021381,24.9,17.9,0,II
180 mg/mL,0:01,8,A,8A,8,40.21594509,50.54549345,22.7,20.9,0,II
180 mg/mL,0:01,8,A,8A,12,52.16022395,73.60280398,20.6,15.9,0,II
180 mg/mL,0:01,8,A,8A,16,51.08709948,88.19259174,20.8,11.2,0,II
180 mg/mL,0:01,8,A,8A,20,37.76952645,78.6375562,23.1,14.5,0,II
180 mg/mL,0:01,8,A,8A,24,43.1963256,38.99965834,22.2,22.9,0,II
180 mg/mL,0:01,8,A,8A,28,51.08709948,78.29778024,20.8,14.6,0,II
180 mg/mL,0:01,8,A,8A,32,49.45216987,60.26545285,21.1,19,0,II
180 mg/mL,0:01,8,A,8A,36,40.81890775,52.69175198,22.6,20.5,0,II
180 mg/mL,0:01,8,A,8A,40,40.81890775,47.78683452,22.6,21.4,0,II
180 mg/mL,0:01,8,A,8A,44,47.78683452,68.38280672,21.4,17.2,0,II
180 mg/mL,0:01,8,A,8A,48,30.75473522,73.9824336,24.2,15.8,0,II
180 mg/mL,0:01,8,A,8A,52,31.40994837,28.09865641,24.1,24.6,0,II
180 mg/mL,0:01,8,A,8A,56,33.35452105,90.04001815,23.8,10.4,0,II
180 mg/mL,0:01,8,A,8A,60,35.89829095,69.63467919,23.4,16.9,0,II
180 mg/mL,0:01,8,A,8A,64,30.75473522,33.35452105,24.2,23.8,0,II
180 mg/mL,0:01,8,A,8A,68,13.9643909,28.76796861,26.6,24.5,0,II
180 mg/mL,0:01,8,A,8A,72,32.70983696,37.14925741,23.9,23.2,0,II
180 mg/mL,0:01,8,A,8A,76,31.40994837,40.21594509,24.1,22.7,0,II
180 mg/mL,0:01,8,A,8A,80,21.91524459,32.06164751,25.5,24,0,II
180 mg/mL,1:16,9,A,9A,4,38.38632527,55.29924381,23,20,0,II
180 mg/mL,1:16,9,A,9A,8,43.7820946,55.81074666,22.1,19.9,0,II
180 mg/mL,1:16,9,A,9A,12,32.06164751,27.42580878,24,24.7,0,II
180 mg/mL,1:16,9,A,9A,16,27.42580878,29.43374962,24.7,24.4,0,II
180 mg/mL,1:16,9,A,9A,20,35.89829095,74.35896202,23.4,15.7,0,II
180 mg/mL,1:16,9,A,9A,24,43.1963256,31.40994837,22.2,24.1,0,II
180 mg/mL,1:16,9,A,9A,28,38.99965834,75.46999848,22.9,15.4,0,II
180 mg/mL,1:16,9,A,9A,32,39.60953012,84.52606488,22.8,12.6,0,II
180 mg/mL,1:16,9,A,9A,36,17.63236339,75.1027386,26.1,15.5,0,II
180 mg/mL,1:16,9,A,9A,40,28.09865641,39.60953012,24.6,22.8,0,II
180 mg/mL,1:16,9,A,9A,44,36.52551372,61.21923053,23.3,18.8,0,II
180 mg/mL,1:16,9,A,9A,48,33.99570412,43.1963256,23.7,22.2,0,II
180 mg/mL,1:16,9,A,9A,52,38.38632527,11.72022149,23,26.9,0,II
180 mg/mL,1:16,9,A,9A,56,32.70983696,33.35452105,23.9,23.8,0,II
180 mg/mL,1:16,9,A,9A,60,51.62534139,42.01449416,20.7,22.4,0,II
180 mg/mL,1:16,9,A,9A,64,26.0694902,72.44525011,24.9,16.2,0,II
180 mg/mL,1:16,9,A,9A,68,37.76952645,56.31892913,23.1,19.8,0,II
180 mg/mL,1:16,9,A,9A,72,37.14925741,43.1963256,23.2,22.2,0,II
180 mg/mL,1:16,9,A,9A,76,35.89829095,46.0909661,23.4,21.7,0,II
180 mg/mL,1:16,9,A,9A,80,31.40994837,48.3453326,24.1,21.3,0,II
180 mg/mL,1:16,9,A,9A,84,26.74942145,51.62534139,24.8,20.7,0,II
180 mg/mL,1:16,9,A,9A,88,29.43374962,35.2675847,24.4,23.5,0,II
180 mg/mL,1:16,9,A,9A,92,28.09865641,66.23267797,24.6,17.7,0,II
180 mg/mL,1:16,9,A,9A,96,35.2675847,70.04563546,23.5,16.8,0,II
180 mg/mL,1:16,9,A,9A,100,35.89829095,43.1963256,23.4,22.2,0,II
180 mg/mL,1:16,9,A,9A,104,38.99965834,74.35896202,22.9,15.7,0,II
180 mg/mL,1:16,9,A,9A,108,27.42580878,47.78683452,24.7,21.4,0,II
180 mg/mL,1:16,9,A,9A,112,51.62534139,54.26625728,20.7,20.2,0,II
180 mg/mL,1:16,9,A,9A,116,40.21594509,51.08709948,22.7,20.8,0,II
180 mg/mL,1:16,9,A,9A,120,44.94336203,55.81074666,21.9,19.9,0,II
180 mg/mL,1:16,9,A,9A,124,28.76796861,61.69121937,24.5,18.7,0,II
180 mg/mL,1:16,9,A,9A,128,54.78441565,53.74476379,20.1,20.3,0,II
180 mg/mL,1:16,9,A,9A,129,18.35514784,4.791252608,26,27.8,0,II
180 mg/mL,1:08,10,A,10A,4,48.90044281,66.23267797,21.2,17.7,0,II
180 mg/mL,1:08,10,A,10A,8,67.95916299,30.75473522,17.3,24.2,0,II
180 mg/mL,1:08,10,A,10A,12,58.31855448,80.61293879,19.4,13.9,0,II
180 mg/mL,1:08,10,A,10A,16,46.0909661,72.05315799,21.7,16.3,0,II
180 mg/mL,1:08,10,A,10A,20,52.69175198,70.45343368,20.5,16.7,63,II
180 mg/mL,1:08,10,A,10A,24,60.26545285,82.78180008,19,13.2,0,II
180 mg/mL,1:08,10,A,10A,28,53.21993032,48.3453326,20.4,21.3,0,II
180 mg/mL,1:08,10,A,10A,32,66.23267797,80.93168216,17.7,13.8,0,II
180 mg/mL,1:08,10,A,10A,36,50.0005185,54.26625728,21,20.2,0,II
180 mg/mL,1:08,10,A,10A,40,57.32535276,48.3453326,19.6,21.3,0,II
180 mg/mL,1:08,10,A,10A,44,38.99965834,77.95497475,22.9,14.7,0,II
180 mg/mL,1:08,10,A,10A,48,68.80327034,44.36443854,17.1,22,0,II
180 mg/mL,1:08,10,A,10A,52,47.78683452,64.4548781,21.4,18.1,2,II
180 mg/mL,1:08,10,A,10A,56,93.38650377,83.66707474,8.6,12.9,0,II
180 mg/mL,1:08,10,A,10A,60,49.45216987,66.23267797,21.1,17.7,0,II
180 mg/mL,1:08,10,A,10A,64,38.38632527,58.81020965,23,19.3,0,II
180 mg/mL,1:04,11,A,11A,4,42.01449416,49.45216987,22.4,21.1,0,II
180 mg/mL,1:04,11,A,11A,8,30.75473522,41.4184226,24.2,22.5,0,II
180 mg/mL,1:04,11,A,11A,12,66.66909657,53.21993032,17.6,20.4,2,II
180 mg/mL,1:04,11,A,11A,16,67.95916299,77.26025071,17.3,14.9,99,II
180 mg/mL,1:04,11,A,11A,20,73.9824336,61.69121937,15.8,18.7,0,II
180 mg/mL,1:04,11,A,11A,24,60.26545285,47.22494386,19,21.5,38,II
180 mg/mL,1:04,11,A,11A,28,124.698979,48.90044281,0,21.2,0,II
180 mg/mL,1:04,11,A,11A,32,72.05315799,54.78441565,16.3,20.1,26,II
180 mg/mL,1:04,11,A,11A,36,101.2692164,79.3080442,14.7,14.3,0,II
180 mg/mL,1:04,11,A,11A,40,59.29857439,65.35021381,19.2,17.9,0,II
180 mg/mL,1:02,12,A,12A,4,79.63876864,41.4184226,14.2,22.5,0,II
180 mg/mL,1:02,12,A,12A,8,50.54549345,18.35514784,20.9,26,0,II
180 mg/mL,1:02,12,A,12A,10,0.813707737,64.90415756,28.3,18,0,II
180 mg/mL,1:01,13,A,13A,4,83.07982327,83.37491261,13.1,13,0,II
180 mg/mL,1:01,13,A,13A,8,90.25853515,95.60401408,10.3,6.6,0,II
180 mg/mL,1:01,13,A,13A,12,96.95706161,130.0960037,5.2,0,1,II
180 mg/mL,1:01,13,A,13A,16,82.48083642,116.3031387,13.3,9.3,0,II
180 mg/mL,1:01,13,A,13A,20,94.19852264,100,7.9,0,0,II
180 mg/mL,1:01,13,A,13A,24,116.1895006,94.08482156,14,8,0,II
180 mg/mL,1:01,13,A,13A,28,75.1027386,95.50081946,15.5,6.7,0,II
180 mg/mL,1:01,13,A,13A,31,42.01449416,42.01449416,22.4,22.4,0,II
180 mg/mL,1:00,14,A,14A,3,-3.255965489,23.31424166,28.8,25.3,0,II
90 mg/mL,0:01,15,A,15A,4,62.1599484,169.7047566,18.6,7.2,0,II
90 mg/mL,0:01,15,A,15A,8,50.54549345,67.95916299,20.9,17.3,0,II
90 mg/mL,0:01,15,A,15A,12,50.54549345,97.64848648,20.9,4.4,0,II
90 mg/mL,0:01,15,A,15A,16,75.46999848,100,15.4,0,0,II
90 mg/mL,0:01,15,A,15A,20,53.21993032,92.29474795,20.4,9.3,0,II
90 mg/mL,0:01,15,A,15A,24,64.90415756,35.2675847,18,23.5,0,II
90 mg/mL,0:01,15,A,15A,28,49.45216987,76.90831998,21.1,15,0,II
90 mg/mL,0:01,15,A,15A,32,60.26545285,21.21038826,19,25.6,0,II
90 mg/mL,0:01,15,A,15A,36,49.45216987,59.78365377,21.1,19.1,0,II
90 mg/mL,0:01,15,A,15A,40,55.81074666,51.62534139,19.9,20.7,0,II
90 mg/mL,0:01,15,A,15A,44,56.31892913,55.29924381,19.8,20,0,II
90 mg/mL,0:01,15,A,15A,48,57.82360386,24.00839073,19.5,25.2,0,II
90 mg/mL,0:01,15,A,15A,52,46.0909661,32.06164751,21.7,24,0,II
90 mg/mL,0:01,15,A,15A,56,37.76952645,43.7820946,23.1,22.1,0,II
90 mg/mL,1:16,16,A,16A,4,52.16022395,71.65793595,20.6,16.4,0,II
90 mg/mL,1:16,16,A,16A,8,42.01449416,72.83421799,22.4,16.1,0,II
90 mg/mL,1:16,16,A,16A,12,76.90831998,83.37491261,15,13,0,II
90 mg/mL,1:16,16,A,16A,16,76.90831998,67.53233367,15,17.4,0,II
90 mg/mL,1:16,16,A,16A,20,78.6375562,43.7820946,14.5,22.1,0,II
90 mg/mL,1:16,16,A,16A,24,73.9824336,26.0694902,15.8,24.9,0,II
90 mg/mL,1:16,16,A,16A,28,71.25957831,69.63467919,16.5,16.9,0,II
90 mg/mL,1:16,16,A,16A,32,77.26025071,79.63876864,14.9,14.2,0,II
90 mg/mL,1:16,16,A,16A,36,83.95631634,20.50195455,12.8,25.7,0,II
90 mg/mL,1:16,16,A,16A,40,79.3080442,58.81020965,14.3,19.3,0,II
90 mg/mL,1:16,16,A,16A,44,68.38280672,85.35895296,17.2,12.3,0,II
90 mg/mL,1:16,16,A,16A,48,65.35021381,26.0694902,17.9,24.9,0,II
90 mg/mL,1:16,16,A,16A,52,63.08764775,25.38601081,18.4,25,0,II
90 mg/mL,1:16,16,A,16A,56,60.26545285,98.34804964,19,3.5,0,II
90 mg/mL,1:16,16,A,16A,60,48.90044281,72.83421799,21.2,16.1,0,II
90 mg/mL,1:16,16,A,16A,64,54.78441565,64.90415756,20.1,18,0,II
90 mg/mL,1:16,16,A,16A,68,39.60953012,59.29857439,22.8,19.2,0,II
90 mg/mL,1:16,16,A,16A,72,59.78365377,61.21923053,19.1,18.8,0,II
90 mg/mL,1:16,16,A,16A,76,53.21993032,61.21923053,20.4,18.8,0,II
90 mg/mL,1:16,16,A,16A,80,55.29924381,56.31892913,20,19.8,0,II
90 mg/mL,1:16,16,A,16A,84,61.21923053,48.3453326,18.8,21.3,0,II
90 mg/mL,1:16,16,A,16A,88,62.1599484,30.09600373,18.6,24.3,0,II
90 mg/mL,1:16,16,A,16A,92,55.81074666,67.53233367,19.9,17.4,0,II
90 mg/mL,1:16,16,A,16A,96,65.79305217,20.50195455,17.8,25.7,0,II
90 mg/mL,1:16,16,A,16A,100,48.3453326,45.51886968,21.3,21.8,0,II
90 mg/mL,1:16,16,A,16A,104,58.81020965,60.26545285,19.3,19,0,II
90 mg/mL,1:16,16,A,16A,108,55.29924381,19.07433845,20,25.9,0,II
90 mg/mL,1:16,16,A,16A,112,48.90044281,22.61652767,21.2,25.4,0,II
90 mg/mL,1:16,16,A,16A,116,53.74476379,49.45216987,20.3,21.1,0,II
90 mg/mL,1:16,16,A,16A,120,53.21993032,19.07433845,20.4,25.9,0,II
90 mg/mL,1:16,16,A,16A,124,55.81074666,43.7820946,19.9,22.1,0,II
90 mg/mL,1:16,16,A,16A,128,67.10231334,59.29857439,17.5,19.2,0,II
90 mg/mL,1:16,16,A,16A,130,12.47190284,30.09600373,26.8,24.3,0,II
90 mg/mL,1:08,17,A,17A,4,75.46999848,60.74397673,15.4,18.9,0,II
90 mg/mL,1:08,17,A,17A,8,67.10231334,52.16022395,17.5,20.6,0,II
90 mg/mL,1:08,17,A,17A,12,70.04563546,77.60913361,16.8,14.8,0,II
90 mg/mL,1:08,17,A,17A,16,60.26545285,47.22494386,19,21.5,0,II
90 mg/mL,1:08,17,A,17A,20,79.96648836,77.26025071,14.1,14.9,0,II
90 mg/mL,1:08,17,A,17A,24,87.70287639,56.31892913,11.4,19.8,0,II
90 mg/mL,1:08,17,A,17A,28,88.90617683,44.94336203,10.9,21.9,35,II
90 mg/mL,1:08,17,A,17A,32,121.3809406,82.17692572,11,13.4,74,II
90 mg/mL,1:08,17,A,17A,36,115.9958058,79.3080442,12.1,14.3,50,II
90 mg/mL,1:08,17,A,17A,40,100,65.35021381,0,17.9,113,II
90 mg/mL,1:08,17,A,17A,44,98.76410917,68.38280672,2.9,17.2,102,II
90 mg/mL,1:08,17,A,17A,48,90.897724,60.26545285,10,19,82,II
90 mg/mL,1:08,17,A,17A,52,100,67.95916299,0,17.3,106,II
90 mg/mL,1:08,17,A,17A,56,100,85.89980203,0,12.1,79,II
90 mg/mL,1:08,17,A,17A,60,100,70.04563546,0,16.8,55,II
90 mg/mL,1:08,17,A,17A,64,98.20015436,50.0005185,3.7,21,74,II
90 mg/mL,1:08,17,A,17A,68,100,47.78683452,0,21.4,48,II
90 mg/mL,1:08,17,A,17A,72,100,28.76796861,0,24.5,62,II
90 mg/mL,1:08,17,A,17A,76,95.07969945,59.78365377,7.1,19.1,43,II
90 mg/mL,1:08,17,A,17A,80,94.864211,60.26545285,7.3,19,27,II
90 mg/mL,1:08,17,A,17A,84,88.4332444,31.40994837,11.1,24.1,18,II
90 mg/mL,1:08,17,A,17A,88,78.97430879,58.31855448,14.4,19.4,0,II
90 mg/mL,1:08,17,A,17A,90,26.0694902,28.76796861,24.9,24.5,0,II
90 mg/mL,1:04,18,A,18A,4,65.79305217,52.69175198,17.8,20.5,0,II
90 mg/mL,1:04,18,A,18A,8,99.89131055,59.78365377,0.6,19.1,0,II
90 mg/mL,1:04,18,A,18A,12,120.3494913,71.65793595,10.6,16.4,0,II
90 mg/mL,1:04,18,A,18A,16,106.7159098,62.6254228,14.1,18.5,0,II
90 mg/mL,1:04,18,A,18A,20,92.29474795,73.22006737,9.3,16,0,II
90 mg/mL,1:04,18,A,18A,24,114.5756289,71.65793595,14.3,16.4,17,II
90 mg/mL,1:04,18,A,18A,28,100,86.42918834,0,11.9,0,II
90 mg/mL,1:04,18,A,18A,32,122.3057038,17.63236339,14,26.1,0,II
90 mg/mL,1:04,18,A,18A,36,99.45789591,78.6375562,1.7,14.5,103,II
90 mg/mL,1:04,18,A,18A,40,130.6714667,61.69121937,17.6,18.7,3,II
90 mg/mL,1:04,18,A,18A,44,86.68960056,81.56023706,11.8,13.6,19,II
90 mg/mL,1:04,18,A,18A,48,82.78180008,97.48153839,13.2,4.6,0,II
90 mg/mL,1:02,19,A,19A,4,67.95916299,53.21993032,17.3,20.4,0,II
90 mg/mL,1:02,19,A,19A,8,100,61.69121937,0,18.7,0,II
90 mg/mL,1:02,19,A,19A,12,100,97.81136341,0,4.2,0,II
90 mg/mL,1:02,19,A,19A,16,132.0616475,73.22006737,0,16,0,II
90 mg/mL,1:02,19,A,19A,20,120.9521991,76.19529094,9,15.2,0,II
90 mg/mL,1:02,19,A,19A,24,137.1550463,22.61652767,11.4,25.4,0,II
90 mg/mL,1:02,19,A,19A,28,238.093805,95.90850083,3.7,6.3,0,II
90 mg/mL,1:02,19,A,19A,31,70.04563546,82.17692572,16.8,13.4,0,II
90 mg/mL,1:01,20,A,20A,4,100,62.6254228,0,18.5,0,II
90 mg/mL,1:01,20,A,20A,8,199.6416441,70.04563546,0,16.8,0,II
90 mg/mL,1:01,20,A,20A,10,12.47190284,10.20596411,26.8,27.1,0,II
90 mg/mL,1:00,21,A,21A,4,51.62534139,76.90831998,20.7,15,0,II
45 mg/mL,0:01,22,A,22A,4,80.61293879,64.00237016,13.9,18.2,0,II
45 mg/mL,0:01,22,A,22A,8,62.1599484,71.25957831,18.6,16.5,0,II
45 mg/mL,0:01,22,A,22A,12,87.45379899,43.1963256,11.5,22.2,0,II
45 mg/mL,0:01,22,A,22A,16,70.04563546,58.81020965,16.8,19.3,0,II
45 mg/mL,0:01,22,A,22A,20,63.54662846,30.09600373,18.3,24.3,0,II
45 mg/mL,0:01,22,A,22A,24,57.82360386,69.22055933,19.5,17,0,II
45 mg/mL,0:01,22,A,22A,28,52.16022395,54.26625728,20.6,20.2,0,II
45 mg/mL,0:01,22,A,22A,32,56.31892913,70.04563546,19.8,16.8,0,II
45 mg/mL,0:01,22,A,22A,36,53.21993032,26.74942145,20.4,24.8,0,II
45 mg/mL,0:01,22,A,22A,40,54.78441565,48.90044281,20.1,21.2,0,II
45 mg/mL,0:01,22,A,22A,44,49.45216987,46.0909661,21.1,21.7,0,II
45 mg/mL,0:01,22,A,22A,47,43.7820946,33.35452105,22.1,23.8,0,II
45 mg/mL,1:16,23,A,23A,4,50.54549345,57.32535276,20.9,19.6,0,II
45 mg/mL,1:16,23,A,23A,8,58.81020965,63.08764775,19.3,18.4,0,II
45 mg/mL,1:16,23,A,23A,12,55.81074666,48.3453326,19.9,21.3,0,II
45 mg/mL,1:08,24,A,24A,4,76.90831998,54.26625728,15,20.2,0,II
45 mg/mL,1:08,24,A,24A,8,83.95631634,62.6254228,12.8,18.5,0,II
45 mg/mL,1:08,24,A,24A,12,99.86212476,52.69175198,0.7,20.5,0,II
45 mg/mL,1:08,24,A,24A,16,100,68.38280672,0,17.2,0,II
45 mg/mL,1:08,24,A,24A,20,137.7695264,72.83421799,0,16.1,0,II
45 mg/mL,1:08,24,A,24A,24,100,85.35895296,0,12.3,0,II
45 mg/mL,1:04,25,A,25A,4,159.7836538,45.51886968,0,21.8,0,II
45 mg/mL,1:04,25,A,25A,8,100,72.83421799,0,16.1,0,II
45 mg/mL,1:02,26,A,26A,4,134.6333905,73.22006737,0,16,0,II
45 mg/mL,1:02,26,A,26A,8,199.077076,65.79305217,2.4,17.8,0,II
45 mg/mL,1:02,26,A,26A,12,100,92.85354272,0,9,0,II
45 mg/mL,1:02,26,A,26A,16,200,84.52606488,0,12.6,8,II
45 mg/mL,1:02,26,A,26A,19,100,77.95497475,0,14.7,10,II
45 mg/mL,1:01,27,A,27A,4,168.8032703,24.69897905,0,25.1,0,II
45 mg/mL,1:01,27,A,27A,8,200,97.56551609,0,4.5,0,II
45 mg/mL,1:01,27,A,27A,12,300,13.9643909,0,26.6,0,II
45 mg/mL,1:01,27,A,27A,16,290.2585351,28.76796861,0,24.5,0,II
45 mg/mL,1:01,27,A,27A,20,199.8621248,100,0.7,0,0,II
45 mg/mL,1:01,27,A,27A,24,265.7198452,54.78441565,9.6,20.1,0,II
45 mg/mL,1:01,27,A,27A,26,99.7230707,11.72022149,1.1,26.9,1,II
45 mg/mL,1:00,28,A,28A,3,57.82360386,37.76952645,19.5,23.1,0,II
360 mg/mL,0:01,1,B,1B,4,37.14925741,57.82360386,23.2,19.5,0,II
360 mg/mL,0:01,1,B,1B,8,30.09600373,56.82379618,24.3,19.7,0,II
360 mg/mL,0:01,1,B,1B,12,29.43374962,83.07982327,24.4,13.1,0,II
360 mg/mL,0:01,1,B,1B,16,35.89829095,15.44240619,23.4,26.4,0,II
360 mg/mL,0:01,1,B,1B,20,25.38601081,68.38280672,25,17.2,0,II
360 mg/mL,0:01,1,B,1B,24,83.37491261,47.78683452,13,21.4,0,II
360 mg/mL,0:01,1,B,1B,28,31.40994837,25.38601081,24.1,25,0,II
360 mg/mL,1:16,2,B,2B,4,36.52551372,6.356583016,23.3,27.6,0,II
360 mg/mL,1:16,2,B,2B,8,73.9824336,37.14925741,15.8,23.2,0,II
360 mg/mL,1:16,2,B,2B,12,36.52551372,43.1963256,23.3,22.2,0,II
360 mg/mL,1:16,2,B,2B,16,38.38632527,8.677153968,23,27.3,0,II
360 mg/mL,1:16,2,B,2B,20,19.07433845,56.31892913,25.9,19.8,0,II
360 mg/mL,1:16,2,B,2B,24,51.08709948,21.91524459,20.8,25.5,0,II
360 mg/mL,1:16,2,B,2B,28,33.99570412,70.45343368,23.7,16.7,0,II
360 mg/mL,1:16,2,B,2B,32,43.1963256,57.82360386,22.2,19.5,0,II
360 mg/mL,1:16,2,B,2B,36,56.31892913,43.7820946,19.8,22.1,0,II
360 mg/mL,1:16,2,B,2B,40,27.42580878,48.3453326,24.7,21.3,0,II
360 mg/mL,1:16,2,B,2B,44,28.09865641,27.42580878,24.6,24.7,0,II
360 mg/mL,1:16,2,B,2B,48,49.45216987,14.70520562,21.1,26.5,0,II
360 mg/mL,1:16,2,B,2B,52,32.06164751,47.78683452,24,21.4,0,II
360 mg/mL,1:16,2,B,2B,56,41.4184226,45.51886968,22.5,21.8,0,II
360 mg/mL,1:16,2,B,2B,60,51.62534139,65.35021381,20.7,17.9,0,II
360 mg/mL,1:16,2,B,2B,64,52.16022395,48.3453326,20.6,21.3,0,II
360 mg/mL,1:16,2,B,2B,68,49.45216987,54.26625728,21.1,20.2,0,II
360 mg/mL,1:16,2,B,2B,72,51.62534139,61.69121937,20.7,18.7,0,II
360 mg/mL,1:16,2,B,2B,76,43.7820946,41.4184226,22.1,22.5,0,II
360 mg/mL,1:16,2,B,2B,80,38.38632527,28.09865641,23,24.6,0,II
360 mg/mL,1:16,2,B,2B,84,56.31892913,50.54549345,19.8,20.9,0,II
360 mg/mL,1:16,2,B,2B,87,32.70983696,37.76952645,23.9,23.1,0,II
360 mg/mL,1:08,3,B,3B,4,49.45216987,44.94336203,21.1,21.9,0,II
360 mg/mL,1:08,3,B,3B,8,32.06164751,57.32535276,24,19.6,0,II
360 mg/mL,1:08,3,B,3B,12,33.35452105,26.0694902,23.8,24.9,0,II
360 mg/mL,1:08,3,B,3B,16,38.99965834,44.94336203,22.9,21.9,132,II
360 mg/mL,1:08,3,B,3B,20,35.2675847,82.78180008,23.5,13.2,13,II
360 mg/mL,1:08,3,B,3B,24,51.62534139,47.22494386,20.7,21.5,123,II
360 mg/mL,1:08,3,B,3B,28,45.51886968,37.14925741,21.8,23.2,8,II
360 mg/mL,1:08,3,B,3B,32,50.54549345,44.94336203,20.9,21.9,97,II
360 mg/mL,1:08,3,B,3B,36,48.3453326,42.01449416,21.3,22.4,110,II
360 mg/mL,1:08,3,B,3B,40,40.81890775,64.4548781,22.6,18.1,38,II
360 mg/mL,1:08,3,B,3B,44,33.35452105,35.89829095,23.8,23.4,1,II
360 mg/mL,1:08,3,B,3B,48,44.94336203,46.0909661,21.9,21.7,27,II
360 mg/mL,1:08,3,B,3B,52,34.63339055,86.94716829,23.6,11.7,7,II
360 mg/mL,1:04,4,B,4B,4,40.81890775,65.79305217,22.6,17.8,0,II
360 mg/mL,1:04,4,B,4B,8,45.51886968,59.29857439,21.8,19.2,0,II
360 mg/mL,1:04,4,B,4B,12,55.29924381,82.48083642,20,13.3,0,II
360 mg/mL,1:04,4,B,4B,16,39.60953012,57.82360386,22.8,19.5,0,II
360 mg/mL,1:04,4,B,4B,20,40.81890775,73.60280398,22.6,15.9,0,II
360 mg/mL,1:04,4,B,4B,24,179.9664884,55.81074666,0,19.9,0,II
360 mg/mL,1:04,4,B,4B,28,43.7820946,29.43374962,22.1,24.4,0,II
360 mg/mL,1:04,4,B,4B,32,42.01449416,108.6552954,22.4,12.8,3,II
360 mg/mL,1:04,4,B,4B,36,37.14925741,47.78683452,23.2,21.4,37,II
360 mg/mL,1:04,4,B,4B,40,51.62534139,40.81890775,20.7,22.6,7,II
360 mg/mL,1:04,4,B,4B,44,32.70983696,56.82379618,23.9,19.7,0,II
360 mg/mL,1:02,5,B,5B,4,26.0694902,43.7820946,24.9,22.1,0,II
360 mg/mL,1:02,5,B,5B,8,49.45216987,75.83418062,21.1,15.3,0,II
360 mg/mL,1:02,5,B,5B,12,52.16022395,67.95916299,20.6,17.3,0,II
360 mg/mL,1:02,5,B,5B,16,25.38601081,60.74397673,25,18.9,17,II
360 mg/mL,1:02,5,B,5B,20,37.76952645,70.04563546,23.1,16.8,82,II
360 mg/mL,1:02,5,B,5B,24,46.65965594,52.16022395,21.6,20.6,38,II
360 mg/mL,1:02,5,B,5B,28,42.60712698,33.35452105,22.3,23.8,0,II
360 mg/mL,1:02,5,B,5B,32,43.1963256,48.90044281,22.2,21.2,1,II
360 mg/mL,1:02,5,B,5B,36,60.26545285,70.04563546,19,16.8,122,II
360 mg/mL,1:01,6,B,6B,4,21.21038826,44.36443854,25.6,22,0,II
360 mg/mL,1:01,6,B,6B,8,39.60953012,93.97034611,22.8,8.1,0,II
360 mg/mL,1:01,6,B,6B,10,16.90598102,16.17599664,26.2,26.3,0,II
360 mg/mL,1:00,7,B,7B,4,22.61652767,100,25.4,0,0,II
360 mg/mL,1:00,7,B,7B,5,3.211259169,16.90598102,28,26.2,0,II
180 mg/mL,0:01,8,B,8B,4,39.60953012,55.81074666,22.8,19.9,0,II
180 mg/mL,0:01,8,B,8B,8,51.08709948,75.83418062,20.8,15.3,0,II
180 mg/mL,0:01,8,B,8B,12,48.3453326,71.25957831,21.3,16.5,0,II
180 mg/mL,0:01,8,B,8B,16,52.16022395,30.09600373,20.6,24.3,0,II
180 mg/mL,0:01,8,B,8B,20,27.42580878,71.25957831,24.7,16.5,0,II
180 mg/mL,0:01,8,B,8B,24,46.0909661,15.44240619,21.7,26.4,0,II
180 mg/mL,0:01,8,B,8B,25,13.21995798,19.07433845,26.7,25.9,0,II
180 mg/mL,1:16,9,B,9B,4,57.82360386,36.52551372,19.5,23.3,0,II
180 mg/mL,1:16,9,B,9B,8,25.38601081,43.7820946,25,22.1,0,II
180 mg/mL,1:16,9,B,9B,12,41.4184226,33.35452105,22.5,23.8,0,II
180 mg/mL,1:16,9,B,9B,16,38.38632527,53.21993032,23,20.4,0,II
180 mg/mL,1:16,9,B,9B,20,38.38632527,22.61652767,23,25.4,0,II
180 mg/mL,1:16,9,B,9B,24,32.06164751,29.43374962,24,24.4,0,II
180 mg/mL,1:16,9,B,9B,28,44.36443854,69.22055933,22,17,0,II
180 mg/mL,1:16,9,B,9B,32,37.76952645,49.45216987,23.1,21.1,0,II
180 mg/mL,1:16,9,B,9B,36,26.0694902,31.40994837,24.9,24.1,0,II
180 mg/mL,1:16,9,B,9B,40,28.09865641,34.63339055,24.6,23.6,0,II
180 mg/mL,1:16,9,B,9B,44,38.38632527,60.74397673,23,18.9,0,II
180 mg/mL,1:16,9,B,9B,48,55.29924381,56.31892913,20,19.8,0,II
180 mg/mL,1:16,9,B,9B,52,32.70983696,35.89829095,23.9,23.4,0,II
180 mg/mL,1:16,9,B,9B,56,20.50195455,20.50195455,25.7,25.7,0,II
180 mg/mL,1:16,9,B,9B,60,44.36443854,28.09865641,22,24.6,0,II
180 mg/mL,1:16,9,B,9B,64,30.09600373,22.61652767,24.3,25.4,0,II
180 mg/mL,1:16,9,B,9B,68,40.21594509,38.38632527,22.7,23,0,II
180 mg/mL,1:08,10,B,10B,4,48.3453326,30.75473522,21.3,24.2,0,II
180 mg/mL,1:08,10,B,10B,8,51.08709948,58.81020965,20.8,19.3,0,II
180 mg/mL,1:08,10,B,10B,12,50.0005185,77.60913361,21,14.8,0,II
180 mg/mL,1:08,10,B,10B,16,59.29857439,41.4184226,19.2,22.5,0,II
180 mg/mL,1:08,10,B,10B,20,48.3453326,70.04563546,21.3,16.8,7,II
180 mg/mL,1:08,10,B,10B,24,42.01449416,59.29857439,22.4,19.2,27,II
180 mg/mL,1:08,10,B,10B,28,52.16022395,46.65965594,20.6,21.6,12,II
180 mg/mL,1:08,10,B,10B,32,44.94336203,81.24744611,21.9,13.7,10,II
180 mg/mL,1:08,10,B,10B,36,63.54662846,43.1963256,18.3,22.2,71,II
180 mg/mL,1:08,10,B,10B,40,56.31892913,48.90044281,19.8,21.2,1,II
180 mg/mL,1:08,10,B,10B,44,56.31892913,75.1027386,19.8,15.5,82,II
180 mg/mL,1:08,10,B,10B,48,54.26625728,67.95916299,20.2,17.3,0,II
180 mg/mL,1:08,10,B,10B,52,58.31855448,10.9649099,19.4,27,64,II
180 mg/mL,1:08,10,B,10B,56,55.29924381,72.83421799,20,16.1,3,II
180 mg/mL,1:08,10,B,10B,60,48.3453326,52.16022395,21.3,20.6,0,II
180 mg/mL,1:08,10,B,10B,64,44.36443854,49.45216987,22,21.1,0,II
180 mg/mL,1:08,10,B,10B,66,24.00839073,24.69897905,25.2,25.1,0,II
180 mg/mL,1:04,11,B,11B,4,51.62534139,50.54549345,20.7,20.9,0,II
180 mg/mL,1:04,11,B,11B,8,47.22494386,42.60712698,21.5,22.3,0,II
180 mg/mL,1:04,11,B,11B,10,9.443380118,17.63236339,27.2,26.1,0,II
180 mg/mL,1:02,12,B,12B,4,46.65965594,47.22494386,21.6,21.5,0,II
180 mg/mL,1:02,12,B,12B,8,73.60280398,51.62534139,15.9,20.7,0,II
180 mg/mL,1:02,12,B,12B,12,88.90617683,73.60280398,10.9,15.9,0,II
180 mg/mL,1:02,12,B,12B,16,87.94913819,65.79305217,11.3,17.8,12,II
180 mg/mL,1:02,12,B,12B,20,87.45379899,72.05315799,11.5,16.3,15,II
180 mg/mL,1:02,12,B,12B,24,82.17692572,90.25853515,13.4,10.3,13,II
180 mg/mL,1:02,12,B,12B,28,78.97430879,81.24744611,14.4,13.7,5,II
180 mg/mL,1:02,12,B,12B,32,84.52606488,78.97430879,12.6,14.4,8,II
180 mg/mL,1:02,12,B,12B,36,85.08421244,63.08764775,12.4,18.4,3,II
180 mg/mL,1:02,12,B,12B,40,82.17692572,63.08764775,13.4,18.4,5,II
180 mg/mL,1:02,12,B,12B,44,85.89980203,50.0005185,12.1,21,4,II
180 mg/mL,1:02,12,B,12B,48,80.93168216,40.21594509,13.8,22.7,3,II
180 mg/mL,1:02,12,B,12B,52,76.5533354,55.29924381,15.1,20,1,II
180 mg/mL,1:02,12,B,12B,56,72.05315799,28.76796861,16.3,24.5,50,II
180 mg/mL,1:01,13,B,13B,4,15.44240619,77.60913361,26.4,14.8,0,II
180 mg/mL,1:01,13,B,13B,8,41.4184226,37.76952645,22.5,23.1,0,II
180 mg/mL,1:01,13,B,13B,12,71.65793595,119.1389052,16.4,4.9,0,II
180 mg/mL,1:01,13,B,13B,16,64.00237016,94.42358369,18.2,7.7,0,II
180 mg/mL,1:01,13,B,13B,20,74.35896202,100,15.7,0,0,II
180 mg/mL,1:01,13,B,13B,24,77.26025071,100,14.9,0,0,II
180 mg/mL,1:01,13,B,13B,27,30.75473522,29.43374962,24.2,24.4,0,II
180 mg/mL,1:00,14,B,14B,4,49.45216987,84.52606488,21.1,12.6,0,II
180 mg/mL,1:00,14,B,14B,7,34.63339055,24.69897905,23.6,25.1,0,II
90 mg/mL,0:01,15,B,15B,4,47.22494386,61.69121937,21.5,18.7,0,II
90 mg/mL,0:01,15,B,15B,8,47.22494386,55.81074666,21.5,19.9,0,II
90 mg/mL,0:01,15,B,15B,12,60.26545285,83.95631634,19,12.8,0,II
90 mg/mL,0:01,15,B,15B,13,15.44240619,13.21995798,26.4,26.7,0,II
90 mg/mL,1:16,16,B,16B,4,46.0909661,55.81074666,21.7,19.9,0,II
90 mg/mL,1:16,16,B,16B,8,89.36799546,76.90831998,10.7,15,0,II
90 mg/mL,1:16,16,B,16B,12,66.23267797,92.85354272,17.7,9,0,II
90 mg/mL,1:16,16,B,16B,16,80.29120964,79.3080442,14,14.3,0,II
90 mg/mL,1:16,16,B,16B,20,64.90415756,84.52606488,18,12.6,0,II
90 mg/mL,1:16,16,B,16B,24,68.38280672,95.2919166,17.2,6.9,0,II
90 mg/mL,1:16,16,B,16B,28,69.22055933,63.08764775,17,18.4,0,II
90 mg/mL,1:16,16,B,16B,32,72.05315799,48.90044281,16.3,21.2,0,II
90 mg/mL,1:16,16,B,16B,36,79.3080442,74.73239507,14.3,15.6,0,II
90 mg/mL,1:16,16,B,16B,40,72.05315799,77.95497475,16.3,14.7,0,II
90 mg/mL,1:16,16,B,16B,44,58.81020965,73.22006737,19.3,16,0,II
90 mg/mL,1:16,16,B,16B,48,70.04563546,50.0005185,16.8,21,0,II
90 mg/mL,1:16,16,B,16B,52,61.21923053,61.21923053,18.8,18.8,0,II
90 mg/mL,1:16,16,B,16B,56,64.4548781,55.81074666,18.1,19.9,0,II
90 mg/mL,1:16,16,B,16B,60,56.82379618,66.23267797,19.7,17.7,0,II
90 mg/mL,1:16,16,B,16B,64,53.21993032,10.9649099,20.4,27,0,II
90 mg/mL,1:16,16,B,16B,68,54.78441565,57.82360386,20.1,19.5,0,II
90 mg/mL,1:16,16,B,16B,72,65.35021381,44.94336203,17.9,21.9,0,II
90 mg/mL,1:16,16,B,16B,76,59.78365377,61.69121937,19.1,18.7,0,II
90 mg/mL,1:16,16,B,16B,77,10.9649099,8.677153968,27,27.3,0,II
90 mg/mL,1:08,17,B,17B,4,53.21993032,48.90044281,20.4,21.2,0,II
90 mg/mL,1:08,17,B,17B,8,67.95916299,75.46999848,17.3,15.4,0,II
90 mg/mL,1:08,17,B,17B,12,63.54662846,86.16592452,18.3,12,0,II
90 mg/mL,1:08,17,B,17B,16,79.63876864,79.3080442,14.2,14.3,0,II
90 mg/mL,1:08,17,B,17B,20,90.25853515,83.95631634,10.3,12.8,0,II
90 mg/mL,1:08,17,B,17B,24,83.66707474,61.21923053,12.9,18.8,1,II
90 mg/mL,1:08,17,B,17B,28,100,68.80327034,,17.1,0,II
90 mg/mL,1:08,17,B,17B,32,80.29120964,47.78683452,14,21.4,0,II
90 mg/mL,1:08,17,B,17B,36,93.97034611,43.7820946,8.1,22.1,56,II
90 mg/mL,1:08,17,B,17B,40,83.37491261,78.6375562,13,14.5,113,II
90 mg/mL,1:08,17,B,17B,44,88.4332444,74.35896202,11.1,15.7,62,II
90 mg/mL,1:08,17,B,17B,48,77.95497475,45.51886968,14.7,21.8,69,II
90 mg/mL,1:08,17,B,17B,52,100,56.82379618,0,19.7,66,II
90 mg/mL,1:08,17,B,17B,56,100,72.05315799,0,16.3,54,II
90 mg/mL,1:08,17,B,17B,60,85.63081384,72.83421799,12.2,16.1,55,II
90 mg/mL,1:08,17,B,17B,64,94.864211,63.54662846,7.3,18.3,28,II
90 mg/mL,1:08,17,B,17B,68,93.85510064,47.22494386,8.2,21.5,20,II
90 mg/mL,1:08,17,B,17B,70,30.75473522,36.52551372,24.2,23.3,12,II
90 mg/mL,1:04,18,B,18B,4,58.81020965,66.23267797,19.3,17.7,0,II
90 mg/mL,1:04,18,B,18B,8,79.63876864,62.1599484,14.2,18.6,0,II
90 mg/mL,1:04,18,B,18B,12,86.42918834,73.60280398,11.9,15.9,0,II
90 mg/mL,1:04,18,B,18B,16,73.9824336,67.10231334,15.8,17.5,0,II
90 mg/mL,1:04,18,B,18B,20,72.44525011,71.25957831,16.2,16.5,0,II
90 mg/mL,1:04,18,B,18B,24,93.02717477,84.24264413,8.9,12.7,0,II
90 mg/mL,1:04,18,B,18B,28,100,68.80327034,,17.1,0,II
90 mg/mL,1:04,18,B,18B,32,120.4818301,78.29778024,12.8,14.6,0,II
90 mg/mL,1:04,18,B,18B,36,99.89131055,77.95497475,0.6,14.7,14,II
90 mg/mL,1:04,18,B,18B,40,100,52.16022395,0,20.6,58,II
90 mg/mL,1:02,19,B,19B,4,50.54549345,62.6254228,20.9,18.5,0,II
90 mg/mL,1:02,19,B,19B,8,99.79681287,76.90831998,0.9,15,0,II
90 mg/mL,1:02,19,B,19B,12,155.2992438,81.24744611,0,13.7,0,II
90 mg/mL,1:02,19,B,19B,16,126.3000478,58.31855448,5.3,19.4,1,II
90 mg/mL,1:02,19,B,19B,20,109.3846954,67.95916299,10.6,17.3,0,II
90 mg/mL,1:02,19,B,19B,24,91.31029427,24.69897905,9.8,25.1,0,II
90 mg/mL,1:01,20,B,20B,4,100,61.21923053,0,18.8,0,II
90 mg/mL,1:01,20,B,20B,8,199.8913106,64.4548781,0.6,18.1,0,II
90 mg/mL,1:01,20,B,20B,12,251.6253414,69.63467919,0,16.9,0,II
90 mg/mL,1:01,20,B,20B,16,90.25853515,135.898291,10.3,0,0,II
90 mg/mL,1:01,20,B,20B,20,100,100,0,0,0,II
90 mg/mL,1:01,20,B,20B,24,195.7063632,42.60712698,6.5,22.3,0,II
90 mg/mL,1:01,20,B,20B,28,177.3700774,82.17692572,1,13.4,0,II
90 mg/mL,1:01,20,B,20B,31,92.66991456,47.22494386,9.1,21.5,0,II
90 mg/mL,1:00,21,B,21B,4,50.0005185,85.89980203,21,12.1,0,II
45 mg/mL,0:01,22,B,22B,4,72.83421799,47.78683452,16.1,21.4,0,II
45 mg/mL,0:01,22,B,22B,8,44.36443854,72.44525011,22,16.2,0,II
45 mg/mL,0:01,22,B,22B,12,40.81890775,28.09865641,22.6,24.6,0,II
45 mg/mL,1:16,23,B,23B,4,64.00237016,50.54549345,18.2,20.9,0,II
45 mg/mL,1:16,23,B,23B,8,62.1599484,89.81876104,18.6,10.5,0,II
45 mg/mL,1:16,23,B,23B,12,67.95916299,47.78683452,17.3,21.4,0,II
45 mg/mL,1:16,23,B,23B,16,65.79305217,77.26025071,17.8,14.9,1,II
45 mg/mL,1:16,23,B,23B,20,72.05315799,68.38280672,16.3,17.2,0,II
45 mg/mL,1:16,23,B,23B,24,51.08709948,38.38632527,20.8,23,0,II
45 mg/mL,1:16,23,B,23B,28,55.81074666,47.78683452,19.9,21.4,0,II
45 mg/mL,1:16,23,B,23B,32,59.78365377,70.45343368,19.1,16.7,0,II
45 mg/mL,1:16,23,B,23B,36,47.22494386,64.4548781,21.5,18.1,0,II
45 mg/mL,1:16,23,B,23B,40,60.26545285,64.90415756,19,18,1,II
45 mg/mL,1:16,23,B,23B,44,52.69175198,68.80327034,20.5,17.1,0,II
45 mg/mL,1:16,23,B,23B,48,53.21993032,50.54549345,20.4,20.9,0,II
45 mg/mL,1:16,23,B,23B,52,54.78441565,64.90415756,20.1,18,0,II
45 mg/mL,1:16,23,B,23B,56,17.63236339,89.59475605,26.1,10.6,0,II
45 mg/mL,1:08,24,B,24B,4,48.3453326,53.74476379,21.3,20.3,0,II
45 mg/mL,1:08,24,B,24B,8,70.04563546,72.44525011,16.8,16.2,0,II
45 mg/mL,1:08,24,B,24B,12,99.1930285,68.80327034,2.2,17.1,0,II
45 mg/mL,1:08,24,B,24B,16,118.5867297,64.4548781,10.5,18.1,0,II
45 mg/mL,1:08,24,B,24B,20,100,53.21993032,0,20.4,0,II
45 mg/mL,1:08,24,B,24B,24,99.91796282,19.78993932,0.5,25.8,11,II
45 mg/mL,1:04,25,B,25B,4,85.08421244,51.62534139,12.4,20.7,0,II
45 mg/mL,1:04,25,B,25B,8,50.54549345,62.6254228,20.9,18.5,0,II
45 mg/mL,1:04,25,B,25B,11,70.45343368,31.40994837,16.7,24.1,0,II
45 mg/mL,1:02,26,B,26B,4,147.2249439,45.51886968,0,21.8,0,II
45 mg/mL,1:02,26,B,26B,8,185.899802,61.69121937,0,18.7,0,II
45 mg/mL,1:02,26,B,26B,12,160.7439767,65.79305217,0,17.8,0,II
45 mg/mL,1:02,26,B,26B,15,66.66909657,83.66707474,17.6,12.9,9,II
45 mg/mL,1:01,27,B,27B,4,164.4548781,48.90044281,0,21.2,0,II
45 mg/mL,1:01,27,B,27B,8,200,86.94716829,0,11.7,0,II
45 mg/mL,1:01,27,B,27B,10,2.415754073,36.52551372,28.1,23.3,0,II
45 mg/mL,1:00,28,B,28B,3,48.90044281,23.31424166,21.2,25.3,0,II
360 mg/mL,0:01,1,C,1C,4,28.76796861,38.99965834,24.5,22.9,0,II
360 mg/mL,0:01,1,C,1C,8,33.99570412,93.97034611,23.7,8.1,0,II
360 mg/mL,0:01,1,C,1C,12,35.89829095,87.2018987,23.4,11.6,0,II
360 mg/mL,0:01,1,C,1C,16,38.99965834,30.09600373,22.9,24.3,0,II
360 mg/mL,0:01,1,C,1C,20,34.63339055,75.83418062,23.6,15.3,0,II
360 mg/mL,0:01,1,C,1C,24,46.0909661,85.08421244,21.7,12.4,0,II
360 mg/mL,0:01,1,C,1C,28,35.89829095,74.73239507,23.4,15.6,0,II
360 mg/mL,0:01,1,C,1C,32,44.94336203,83.37491261,21.9,13,0,II
360 mg/mL,0:01,1,C,1C,36,32.06164751,30.75473522,24,24.2,0,II
360 mg/mL,0:01,1,C,1C,40,16.17599664,53.21993032,26.3,20.4,0,II
360 mg/mL,1:16,2,C,2C,4,29.43374962,50.54549345,24.4,20.9,0,II
360 mg/mL,1:16,2,C,2C,8,26.0694902,85.89980203,24.9,12.1,0,II
360 mg/mL,1:16,2,C,2C,12,22.61652767,83.95631634,25.4,12.8,0,II
360 mg/mL,1:16,2,C,2C,16,19.78993932,53.21993032,25.8,20.4,0,II
360 mg/mL,1:16,2,C,2C,20,33.99570412,47.78683452,23.7,21.4,0,II
360 mg/mL,1:16,2,C,2C,24,38.99965834,59.78365377,22.9,19.1,0,II
360 mg/mL,1:16,2,C,2C,28,26.0694902,57.82360386,24.9,19.5,0,II
360 mg/mL,1:16,2,C,2C,32,47.78683452,69.22055933,21.4,17,0,II
360 mg/mL,1:16,2,C,2C,36,47.78683452,43.1963256,21.4,22.2,0,II
360 mg/mL,1:16,2,C,2C,40,32.70983696,56.31892913,23.9,19.8,0,II
360 mg/mL,1:16,2,C,2C,44,61.69121937,61.69121937,18.7,18.7,0,II
360 mg/mL,1:16,2,C,2C,48,52.69175198,56.31892913,20.5,19.8,3,II
360 mg/mL,1:16,2,C,2C,52,47.78683452,50.0005185,21.4,21,0,II
360 mg/mL,1:16,2,C,2C,56,52.16022395,42.01449416,20.6,22.4,0,II
360 mg/mL,1:16,2,C,2C,60,48.3453326,72.44525011,21.3,16.2,0,II
360 mg/mL,1:16,2,C,2C,64,43.7820946,32.06164751,22.1,24,0,II
360 mg/mL,1:16,2,C,2C,68,28.76796861,30.75473522,24.5,24.2,0,II
360 mg/mL,1:16,2,C,2C,69,16.17599664,12.47190284,26.3,26.8,0,II
360 mg/mL,1:08,3,C,3C,4,15.44240619,18.35514784,26.4,26,0,II
360 mg/mL,1:08,3,C,3C,8,62.6254228,70.45343368,18.5,16.7,0,II
360 mg/mL,1:08,3,C,3C,12,43.1963256,73.9824336,22.2,15.8,0,II
360 mg/mL,1:08,3,C,3C,16,35.89829095,72.05315799,23.4,16.3,0,II
360 mg/mL,1:08,3,C,3C,20,37.14925741,70.45343368,23.2,16.7,0,II
360 mg/mL,1:08,3,C,3C,24,37.14925741,70.45343368,23.2,16.7,0,II
360 mg/mL,1:08,3,C,3C,28,40.21594509,72.44525011,22.7,16.2,0,II
360 mg/mL,1:08,3,C,3C,32,35.89829095,22.61652767,23.4,25.4,2,II
360 mg/mL,1:08,3,C,3C,36,37.76952645,66.66909657,23.1,17.6,1,II
360 mg/mL,1:08,3,C,3C,40,40.81890775,42.60712698,22.6,22.3,6,II
360 mg/mL,1:08,3,C,3C,44,32.06164751,61.21923053,24,18.8,6,II
360 mg/mL,1:08,3,C,3C,48,47.22494386,57.82360386,21.5,19.5,5,II
360 mg/mL,1:08,3,C,3C,52,24.69897905,85.63081384,25.1,12.2,45,II
360 mg/mL,1:04,4,C,4C,4,42.60712698,13.21995798,22.3,26.7,0,II
360 mg/mL,1:04,4,C,4C,8,47.22494386,77.95497475,21.5,14.7,0,II
360 mg/mL,1:04,4,C,4C,12,51.62534139,92.10319249,20.7,9.4,170,II
360 mg/mL,1:04,4,C,4C,16,48.90044281,70.45343368,21.2,16.7,0,II
360 mg/mL,1:04,4,C,4C,20,51.08709948,65.35021381,20.8,17.9,193,II
360 mg/mL,1:04,4,C,4C,24,54.26625728,71.65793595,20.2,16.4,63,II
360 mg/mL,1:04,4,C,4C,28,46.65965594,66.23267797,21.6,17.7,0,II
360 mg/mL,1:04,4,C,4C,32,48.90044281,87.94913819,21.2,11.3,9,II
360 mg/mL,1:04,4,C,4C,36,44.36443854,84.52606488,22,12.6,0,II
360 mg/mL,1:04,4,C,4C,40,51.08709948,62.6254228,20.8,18.5,0,II
360 mg/mL,1:04,4,C,4C,44,46.65965594,59.78365377,21.6,19.1,0,II
360 mg/mL,1:02,5,C,5C,4,31.40994837,36.52551372,24.1,23.3,0,II
360 mg/mL,1:02,5,C,5C,8,18.35514784,76.90831998,26,15,0,II
360 mg/mL,1:01,6,C,6C,4,28.09865641,54.78441565,24.6,20.1,0,II
360 mg/mL,1:01,6,C,6C,8,7.13375936,61.21923053,27.5,18.8,0,II
360 mg/mL,1:01,6,C,6C,12,84.52606488,100,12.6,0,0,II
360 mg/mL,1:01,6,C,6C,16,39.60953012,111.8122488,22.8,9.8,0,II
360 mg/mL,1:01,6,C,6C,20,43.7820946,100,22.1,0,0,II
360 mg/mL,1:01,6,C,6C,24,46.65965594,101.6120219,21.6,14.6,0,II
360 mg/mL,1:01,6,C,6C,26,17.63236339,71.25957831,26.1,16.5,0,II
360 mg/mL,1:00,7,C,7C,4,20.50195455,98.69773882,25.7,3,0,II
360 mg/mL,1:00,7,C,7C,8,65.35021381,87.70287639,17.9,11.4,0,II
360 mg/mL,1:00,7,C,7C,12,37.76952645,100.0247251,23.1,10.5,0,II
360 mg/mL,1:00,7,C,7C,16,30.09600373,90.04001815,24.3,10.4,0,II
360 mg/mL,1:00,7,C,7C,20,33.35452105,98.42030964,23.8,3.4,0,II
360 mg/mL,1:00,7,C,7C,22,9.443380118,28.76796861,27.2,24.5,0,II
180 mg/mL,0:01,8,C,8C,4,38.38632527,38.99965834,23,22.9,0,II
180 mg/mL,0:01,8,C,8C,8,15.44240619,58.31855448,26.4,19.4,0,II
180 mg/mL,0:01,8,C,8C,11,28.09865641,63.08764775,24.6,18.4,0,II
180 mg/mL,1:16,9,C,9C,4,38.38632527,59.78365377,23,19.1,0,II
180 mg/mL,1:16,9,C,9C,8,36.52551372,75.1027386,23.3,15.5,0,II
180 mg/mL,1:16,9,C,9C,12,38.38632527,51.08709948,23,20.8,0,II
180 mg/mL,1:16,9,C,9C,16,37.14925741,56.82379618,23.2,19.7,0,II
180 mg/mL,1:16,9,C,9C,20,37.14925741,72.44525011,23.2,16.2,0,II
180 mg/mL,1:16,9,C,9C,24,44.94336203,44.94336203,21.9,21.9,0,II
180 mg/mL,1:16,9,C,9C,28,37.14925741,62.6254228,23.2,18.5,0,II
180 mg/mL,1:16,9,C,9C,32,27.42580878,42.01449416,24.7,22.4,0,II
180 mg/mL,1:16,9,C,9C,36,35.89829095,54.78441565,23.4,20.1,0,II
180 mg/mL,1:16,9,C,9C,40,36.52551372,30.75473522,23.3,24.2,0,II
180 mg/mL,1:16,9,C,9C,44,36.52551372,78.29778024,23.3,14.6,0,II
180 mg/mL,1:16,9,C,9C,48,34.63339055,66.66909657,23.6,17.6,0,II
180 mg/mL,1:16,9,C,9C,52,44.36443854,59.29857439,22,19.2,0,II
180 mg/mL,1:16,9,C,9C,56,47.22494386,67.53233367,21.5,17.4,0,II
180 mg/mL,1:16,9,C,9C,60,43.7820946,75.46999848,22.1,15.4,0,II
180 mg/mL,1:16,9,C,9C,63,32.06164751,32.06164751,24,24,0,II
180 mg/mL,1:08,10,C,10C,4,58.31855448,42.01449416,19.4,22.4,0,II
180 mg/mL,1:08,10,C,10C,8,36.52551372,42.60712698,23.3,22.3,0,II
180 mg/mL,1:08,10,C,10C,12,53.21993032,77.95497475,20.4,14.7,0,II
180 mg/mL,1:08,10,C,10C,16,51.62534139,60.74397673,20.7,18.9,0,II
180 mg/mL,1:08,10,C,10C,20,50.0005185,69.63467919,21,16.9,0,II
180 mg/mL,1:08,10,C,10C,24,51.62534139,76.19529094,20.7,15.2,72,II
180 mg/mL,1:08,10,C,10C,28,44.94336203,82.17692572,21.9,13.4,30,II
180 mg/mL,1:08,10,C,10C,32,65.35021381,71.25957831,17.9,16.5,0,II
180 mg/mL,1:08,10,C,10C,35,42.60712698,54.78441565,22.3,20.1,0,II
180 mg/mL,1:04,11,C,11C,4,57.82360386,51.08709948,19.5,20.8,0,II
180 mg/mL,1:04,11,C,11C,8,75.83418062,55.29924381,15.3,20,0,II
180 mg/mL,1:04,11,C,11C,12,58.81020965,83.37491261,19.3,13,0,II
180 mg/mL,1:04,11,C,11C,16,54.78441565,41.4184226,20.1,22.5,0,II
180 mg/mL,1:04,11,C,11C,20,55.81074666,67.95916299,19.9,17.3,20,II
180 mg/mL,1:04,11,C,11C,24,67.53233367,66.66909657,17.4,17.6,231,II
180 mg/mL,1:04,11,C,11C,28,66.23267797,66.23267797,17.7,17.7,111,II
180 mg/mL,1:04,11,C,11C,32,76.5533354,30.75473522,15.1,24.2,90,II
180 mg/mL,1:04,11,C,11C,36,64.00237016,77.26025071,18.2,14.9,29,II
180 mg/mL,1:04,11,C,11C,40,63.08764775,40.21594509,18.4,22.7,0,II
180 mg/mL,1:04,11,C,11C,44,80.93168216,77.95497475,13.8,14.7,0,II
180 mg/mL,1:02,12,C,12C,4,69.63467919,51.08709948,16.9,20.8,0,II
180 mg/mL,1:02,12,C,12C,8,87.2018987,48.90044281,11.6,21.2,0,II
180 mg/mL,1:02,12,C,12C,12,95.18621958,20.50195455,7,25.7,0,II
180 mg/mL,1:02,12,C,12C,16,95.18621958,80.93168216,7,13.8,109,II
180 mg/mL,1:02,12,C,12C,20,85.35895296,92.10319249,12.3,9.4,144,II
180 mg/mL,1:02,12,C,12C,24,77.26025071,21.21038826,14.9,25.6,42,II
180 mg/mL,1:02,12,C,12C,28,90.25853515,32.06164751,10.3,24,173,II
180 mg/mL,1:02,12,C,12C,32,86.68960056,77.60913361,11.8,14.8,87,II
180 mg/mL,1:02,12,C,12C,36,87.94913819,90.54514479,11.3,15.5,13,II
180 mg/mL,1:02,12,C,12C,40,94.53493448,98.42030964,7.6,3.4,16,II
180 mg/mL,1:01,13,C,13C,4,50.54549345,52.69175198,20.9,20.5,0,II
180 mg/mL,1:01,13,C,13C,8,67.95916299,100,17.3,0,0,II
180 mg/mL,1:01,13,C,13C,12,81.87006143,132.0616475,13.5,0,0,II
180 mg/mL,1:01,13,C,13C,16,81.24744611,100,13.7,0,0,II
180 mg/mL,1:01,13,C,13C,20,85.89980203,132.5570235,12.1,13.8,0,II
180 mg/mL,1:01,13,C,13C,24,88.4332444,153.2199303,11.1,0,0,II
180 mg/mL,1:01,13,C,13C,28,87.45379899,126.9508656,11.5,14,0,II
180 mg/mL,1:01,13,C,13C,32,44.94336203,95.2919166,21.9,6.9,0,II
180 mg/mL,1:00,14,C,14C,4,50.54549345,80.61293879,20.9,13.9,0,II
90 mg/mL,0:01,15,C,15C,4,53.74476379,77.95497475,20.3,14.7,0,II
90 mg/mL,0:01,15,C,15C,8,51.08709948,62.6254228,20.8,18.5,0,II
90 mg/mL,0:01,15,C,15C,12,54.78441565,73.22006737,20.1,16,0,II
90 mg/mL,0:01,15,C,15C,16,47.22494386,28.09865641,21.5,24.6,0,II
90 mg/mL,0:01,15,C,15C,20,45.51886968,81.87006143,21.8,13.5,0,II
90 mg/mL,0:01,15,C,15C,24,41.4184226,33.35452105,22.5,23.8,0,II
90 mg/mL,0:01,15,C,15C,28,48.90044281,71.25957831,21.2,16.5,0,II
90 mg/mL,0:01,15,C,15C,32,47.78683452,59.78365377,21.4,19.1,0,II
90 mg/mL,0:01,15,C,15C,36,60.26545285,55.81074666,19,19.9,0,II
90 mg/mL,0:01,15,C,15C,40,42.60712698,54.26625728,22.3,20.2,0,II
90 mg/mL,0:01,15,C,15C,44,35.89829095,59.29857439,23.4,19.2,0,II
90 mg/mL,0:01,15,C,15C,48,37.76952645,26.74942145,23.1,24.8,0,II
90 mg/mL,0:01,15,C,15C,52,44.94336203,69.22055933,21.9,17,0,II
90 mg/mL,0:01,15,C,15C,56,54.78441565,29.43374962,20.1,24.4,0,II
90 mg/mL,0:01,15,C,15C,58,24.00839073,17.63236339,25.2,26.1,0,II
90 mg/mL,1:16,16,C,16C,4,64.90415756,62.1599484,18,18.6,0,II
90 mg/mL,1:16,16,C,16C,8,68.80327034,60.26545285,17.1,19,0,II
90 mg/mL,1:16,16,C,16C,12,66.23267797,95.18621958,17.7,7,0,II
90 mg/mL,1:16,16,C,16C,16,55.29924381,47.78683452,20,21.4,0,II
90 mg/mL,1:16,16,C,16C,20,67.10231334,72.05315799,17.5,16.3,0,II
90 mg/mL,1:16,16,C,16C,24,80.61293879,26.0694902,13.9,24.9,0,II
90 mg/mL,1:16,16,C,16C,28,66.66909657,84.80658537,17.6,12.5,0,II
90 mg/mL,1:16,16,C,16C,32,68.80327034,67.10231334,17.1,17.5,0,II
90 mg/mL,1:16,16,C,16C,36,74.35896202,63.08764775,15.7,18.4,0,II
90 mg/mL,1:16,16,C,16C,40,73.22006737,73.60280398,16,15.9,0,II
90 mg/mL,1:16,16,C,16C,44,68.80327034,72.05315799,17.1,16.3,0,II
90 mg/mL,1:16,16,C,16C,48,64.90415756,63.54662846,18,18.3,0,II
90 mg/mL,1:16,16,C,16C,52,59.78365377,77.26025071,19.1,14.9,0,II
90 mg/mL,1:16,16,C,16C,56,60.74397673,74.35896202,18.9,15.7,0,II
90 mg/mL,1:16,16,C,16C,60,71.25957831,69.63467919,16.5,16.9,0,II
90 mg/mL,1:16,16,C,16C,64,65.35021381,38.99965834,17.9,22.9,0,II
90 mg/mL,1:16,16,C,16C,68,60.74397673,54.26625728,18.9,20.2,0,II
90 mg/mL,1:16,16,C,16C,72,56.82379618,47.22494386,19.7,21.5,0,II
90 mg/mL,1:16,16,C,16C,76,66.66909657,35.2675847,17.6,23.5,0,II
90 mg/mL,1:16,16,C,16C,80,64.00237016,52.69175198,18.2,20.5,0,II
90 mg/mL,1:16,16,C,16C,84,61.69121937,60.74397673,18.7,18.9,0,II
90 mg/mL,1:16,16,C,16C,88,62.6254228,60.74397673,18.5,18.9,0,II
90 mg/mL,1:16,16,C,16C,92,68.80327034,77.26025071,17.1,14.9,0,II
90 mg/mL,1:16,16,C,16C,95,51.08709948,28.09865641,20.8,24.6,0,II
90 mg/mL,1:08,17,C,17C,4,64.4548781,63.08764775,18.1,18.4,0,II
90 mg/mL,1:08,17,C,17C,8,53.21993032,53.74476379,20.4,20.3,0,II
90 mg/mL,1:08,17,C,17C,12,79.96648836,63.08764775,14.1,18.4,0,II
90 mg/mL,1:08,17,C,17C,16,60.74397673,54.78441565,18.9,20.1,0,II
90 mg/mL,1:08,17,C,17C,20,70.04563546,79.63876864,16.8,14.2,0,II
90 mg/mL,1:08,17,C,17C,24,71.65793595,90.25853515,16.4,10.3,13,II
90 mg/mL,1:04,18,C,18C,4,70.45343368,55.29924381,16.7,20,0,II
90 mg/mL,1:04,18,C,18C,8,135.2675847,58.31855448,0,19.4,0,II
90 mg/mL,1:04,18,C,18C,12,79.96648836,59.78365377,14.1,19.1,0,II
90 mg/mL,1:04,18,C,18C,16,81.24744611,57.32535276,13.7,19.6,0,II
90 mg/mL,1:04,18,C,18C,20,97.56551609,62.1599484,4.5,18.6,130,II
90 mg/mL,1:04,18,C,18C,24,132.7805667,79.3080442,11.8,14.3,95,II
90 mg/mL,1:04,18,C,18C,28,81.87006143,60.26545285,13.5,19,0,II
90 mg/mL,1:02,19,C,19C,4,66.23267797,62.6254228,17.7,18.5,0,II
90 mg/mL,1:02,19,C,19C,8,100,30.09600373,0,24.3,0,II
90 mg/mL,1:02,19,C,19C,12,155.8720307,73.60280398,1.5,15.9,0,II
90 mg/mL,1:02,19,C,19C,16,132.0054744,71.65793595,6.1,16.4,0,II
90 mg/mL,1:02,19,C,19C,20,118.3642382,70.45343368,9.3,16.7,0,II
90 mg/mL,1:02,19,C,19C,24,163.2094968,78.6375562,6.1,14.5,39,II
90 mg/mL,1:02,19,C,19C,28,79.63876864,145.7723535,14.2,11.5,20,II
90 mg/mL,1:02,19,C,19C,32,156.0834415,116.1759966,7.3,0,0,II
90 mg/mL,1:02,19,C,19C,36,76.5533354,100,15.1,0,5,II
90 mg/mL,1:01,20,C,20C,4,97.64848648,30.09600373,4.4,24.3,0,II
90 mg/mL,1:01,20,C,20C,8,143.5315522,48.3453326,7,21.3,0,II
90 mg/mL,1:01,20,C,20C,12,99.1930285,97.56551609,2.2,4.5,0,II
90 mg/mL,1:01,20,C,20C,16,149.3142946,100,0.7,0,16,II
90 mg/mL,1:01,20,C,20C,20,174.7323951,82.48083642,0,13.3,37,II
90 mg/mL,1:01,20,C,20C,24,200,90.25853515,0,10.3,0,II
90 mg/mL,1:01,20,C,20C,28,187.7028764,76.90831998,0,15,0,II
90 mg/mL,1:01,20,C,20C,32,191.3102943,92.85354272,0,9,8,II
90 mg/mL,1:01,20,C,20C,36,165.1151647,75.83418062,9.1,15.3,0,II
90 mg/mL,1:01,20,C,20C,40,169.2631134,67.53233367,11.4,17.4,1,II
90 mg/mL,1:01,20,C,20C,42,96.20521322,34.63339055,6,23.6,78,II
90 mg/mL,1:00,21,C,21C,3,22.61652767,48.90044281,25.4,21.2,0,II
45 mg/mL,0:01,22,C,22C,2,-15.14522719,28.76796861,30.2,24.5,0,II
45 mg/mL,1:16,23,C,23C,4,55.29924381,53.74476379,20,20.3,0,II
45 mg/mL,1:16,23,C,23C,8,70.85807943,59.78365377,16.6,19.1,0,II
45 mg/mL,1:16,23,C,23C,12,89.36799546,22.61652767,10.7,25.4,0,II
45 mg/mL,1:16,23,C,23C,16,73.9824336,68.80327034,15.8,17.1,0,II
45 mg/mL,1:16,23,C,23C,20,62.1599484,71.25957831,18.6,16.5,0,II
45 mg/mL,1:16,23,C,23C,24,79.63876864,23.31424166,14.2,25.3,0,II
45 mg/mL,1:16,23,C,23C,28,53.21993032,26.74942145,20.4,24.8,0,II
45 mg/mL,1:16,23,C,23C,32,50.54549345,77.95497475,20.9,14.7,0,II
45 mg/mL,1:16,23,C,23C,36,66.66909657,76.19529094,17.6,15.2,0,II
45 mg/mL,1:16,23,C,23C,40,60.26545285,53.74476379,19,20.3,0,II
45 mg/mL,1:16,23,C,23C,44,62.1599484,55.29924381,18.6,20,0,II
45 mg/mL,1:16,23,C,23C,48,56.31892913,29.43374962,19.8,24.4,0,II
45 mg/mL,1:16,23,C,23C,52,49.45216987,24.69897905,21.1,25.1,0,II
45 mg/mL,1:16,23,C,23C,56,64.4548781,47.78683452,18.1,21.4,0,II
45 mg/mL,1:16,23,C,23C,60,63.54662846,55.29924381,18.3,20,0,II
45 mg/mL,1:16,23,C,23C,64,63.08764775,50.54549345,18.4,20.9,0,II
45 mg/mL,1:16,23,C,23C,68,60.74397673,46.0909661,18.9,21.7,0,II
45 mg/mL,1:16,23,C,23C,72,41.4184226,63.54662846,22.5,18.3,0,II
45 mg/mL,1:08,24,C,24C,4,88.4332444,67.53233367,11.1,17.4,0,II
45 mg/mL,1:08,24,C,24C,8,78.97430879,87.2018987,14.4,11.6,0,II
45 mg/mL,1:08,24,C,24C,12,198.3480496,100,0,0,0,II
45 mg/mL,1:08,24,C,24C,16,115.7896602,81.87006143,13.1,13.5,0,II
45 mg/mL,1:08,24,C,24C,20,123.1841568,61.21923053,10.2,18.8,0,II
45 mg/mL,1:08,24,C,24C,24,153.2199303,44.94336203,0,21.9,0,II
45 mg/mL,1:08,24,C,24C,28,152.691752,58.31855448,0,19.4,0,II
45 mg/mL,1:08,24,C,24C,32,100,85.35895296,0,12.3,6,II
45 mg/mL,1:04,25,C,25C,4,100,44.94336203,0,21.9,0,II
45 mg/mL,1:04,25,C,25C,8,100,137.7695264,0,0,0,II
45 mg/mL,1:04,25,C,25C,12,143.1963256,80.61293879,0,13.9,0,II
45 mg/mL,1:04,25,C,25C,16,138.3863253,60.74397673,0,18.9,0,II
45 mg/mL,1:04,25,C,25C,20,141.4184226,76.19529094,0,15.2,0,II
45 mg/mL,1:04,25,C,25C,24,149.3434804,74.73239507,0.6,15.6,0,II
45 mg/mL,1:04,25,C,25C,28,69.22055933,72.05315799,17,16.3,2,II
45 mg/mL,1:04,25,C,25C,32,156.3189291,78.6375562,0,14.5,3,II
45 mg/mL,1:04,25,C,25C,36,156.3189291,70.85807943,0,16.6,1,II
45 mg/mL,1:04,25,C,25C,40,142.0233377,66.66909657,16,17.6,1,II
45 mg/mL,1:04,25,C,25C,44,138.0712423,116.1508177,13.7,15.6,1,II
45 mg/mL,1:04,25,C,25C,48,141.4184226,67.10231334,0,17.5,0,II
45 mg/mL,1:04,25,C,25C,52,146.6596559,64.90415756,0,18,1,II
45 mg/mL,1:04,25,C,25C,56,100,78.29778024,0,14.6,0,II
45 mg/mL,1:02,26,C,26C,4,100,20.50195455,0,25.7,0,II
45 mg/mL,1:02,26,C,26C,5,-17.78837522,7.13375936,30.5,27.5,0,II
45 mg/mL,1:01,27,C,27C,4,89.81876104,71.25957831,10.5,16.5,0,II
45 mg/mL,1:01,27,C,27C,8,167.959163,59.78365377,0,19.1,0,II
45 mg/mL,1:00,28,C,28C,4,100,56.82379618,0,19.7,0,II
45 mg/mL,1:00,28,C,28C,7,70.04563546,30.09600373,16.8,24.3,0,II